신한문항_투자목적,신한문항_투자위험감수,신한문항_투자기간,신한문항_고객수입원,신한문항_고객금융지식,마이데이터_고객ID,마이데이터_성별,마이데이터_연령,마이데이터_소득_선불카드자산,마이데이터_소득_월소득,마이데이터_소득_대출여부,마이데이터_투자경험_투자상품여부
2,4,5,1,2,c3e74278-0094-44ec-8145-86e3d5f276f7,Male,25,$235664.36,$3775.69,0,0
4,3,3,2,4,626ad386-4fa8-42a3-8bfe-3ae5556f7bc5,Female,71,$414872.17,$1208.03,0,0
2,4,3,3,3,b7ceeaed-bfec-4cf3-9152-94b93865dc70,Female,78,$39109.32,$9280.75,1,0
3,2,4,2,3,c48dc9b4-1165-47ee-9216-4ceb7948b10a,Female,55,$157248.23,$9190.86,0,1
1,3,4,3,4,07159849-fe51-49c2-938f-6ae7d6df549d,Male,74,$220020.00,$3752.19,0,0
4,4,5,1,3,885babac-1168-4a06-8852-a26f1658bd54,Male,61,$178516.39,$9433.69,0,0
1,3,5,1,3,9d0b5f9f-042a-4b4e-884f-2fbad97a4a37,Male,88,$381701.56,$7078.92,0,0
2,3,5,3,4,3e4fc683-80e4-4202-ad15-5d0501a3a742,Female,62,$450092.17,$5709.93,1,0
3,3,2,1,3,6e0ba7a9-331d-4c2a-a863-cac22edfe201,Male,75,$258295.89,$2876.88,1,0
2,4,1,3,2,aeb712b1-8207-48e9-882a-c82f1bd4a1ce,Male,23,$174849.23,$4416.94,0,1
1,1,3,1,1,64e8868b-f008-479d-8274-582b958b2ca0,Female,43,$255738.35,$6101.88,0,1
2,2,3,3,2,d21ce657-cca3-4a85-a2f4-8ae401f51b2c,Female,72,$320452.01,$3858.33,0,1
1,2,4,2,4,8385eb77-62f3-4bfb-95fe-427197b8022f,Male,39,$180139.49,$7940.13,1,1
2,2,1,3,3,c7547092-4fcb-499f-812a-9f6cf8ab3531,Male,55,$59239.49,$9399.39,1,0
1,1,4,3,2,2689225a-a09c-4696-9a36-fcec4838d985,Male,38,$106804.70,$7781.39,0,0
2,1,5,1,3,a551c1d2-8a0e-4ecf-a452-dae4030286dc,Male,53,$322224.33,$199.15,0,1
4,3,5,3,2,2e6a733c-7417-40c2-91b7-17241e9f3c99,Female,44,$268644.08,$5404.42,1,0
4,2,4,2,2,d8e93b9a-1a74-42cb-9724-280bd53d6346,Male,40,$182174.32,$299.83,1,1
3,3,4,1,2,d4380666-bae8-4201-a7b7-fdceaa1ca1fe,Male,37,$136604.99,$1221.13,0,1
3,4,4,2,4,d677cb50-102c-496f-969d-c43718879532,Female,86,$392608.50,$3842.00,0,1
3,3,2,3,2,a03fe806-9794-401c-a92f-aa4ef223c8dd,Male,52,$264699.18,$2769.36,0,0
2,4,4,1,4,b2fb3f7d-53c3-4520-809f-1a77c1722cac,Male,66,$381884.82,$5547.86,0,1
3,4,3,1,2,ae6e5cad-88cd-4074-a84c-8259ed650362,Male,63,$395518.81,$2180.62,0,0
1,5,5,2,2,6d6517e6-e3aa-4c4a-8c50-5c8b992161ce,Female,54,$12635.32,$3009.30,0,1
4,2,3,1,2,aa7dede0-fefc-45ef-8534-590e85810c00,Female,63,$338784.82,$5207.02,0,1
2,2,3,2,3,66410194-9e76-4014-9b21-6e0924155b72,Male,74,$148243.99,$2218.49,0,0
2,1,1,2,3,d4bccb23-cf35-4723-bc03-ceec71ffc16c,Male,63,$115532.58,$5314.91,0,0
3,3,3,1,3,21d031cf-2965-4e14-bf9f-06c8ffdd23c9,Male,33,$152017.38,$9518.60,1,0
2,1,5,1,4,8af6dcdf-0674-418a-a68d-ebb5845bed00,Female,72,$152931.89,$4448.40,1,1
4,1,2,1,1,f1297aff-a5a6-4a43-bfb0-09709c0473cb,Male,28,$188161.54,$3749.35,1,1
3,5,2,1,1,59596641-98a1-4243-8782-b759909aec0b,Male,88,$484664.54,$8402.17,0,0
3,2,2,1,1,fad8ed52-bd5a-4fe2-acfb-943e8909cc8f,Male,30,$267097.75,$2855.72,1,1
4,2,3,3,1,02703399-cfc2-423f-bae5-ec0acecb36da,Female,53,$260636.85,$5348.42,0,1
4,3,4,3,2,1ff37401-0910-4ecd-8255-ac4dcd837994,Female,90,$248529.10,$2068.15,0,1
4,4,2,1,1,4427f1d2-8408-4471-aae6-40afdc37b392,Male,77,$59862.92,$1890.66,1,0
2,1,3,1,2,2e853a1e-e8e7-48b7-9faf-790ee2c65ded,Male,40,$269169.36,$8310.43,1,1
3,4,3,1,3,08793e89-b632-4db1-9781-d914ca8b04ac,Male,25,$247557.70,$7042.17,1,0
1,4,5,2,3,c32de309-f092-439b-8350-2680649c2414,Female,36,$462423.37,$1150.25,0,1
4,2,4,1,3,562c4831-c02e-4d87-a9ab-f49b510454be,Female,41,$245060.83,$8227.87,1,0
4,2,4,1,4,14053f12-ed5c-4a8a-8211-93933f4b909f,Male,90,$69738.49,$7974.35,1,1
2,5,5,1,1,5784a0b1-8979-4b75-9f59-1927b363e88b,Male,30,$135070.46,$863.57,0,0
2,2,3,2,4,ce090162-bd2f-4b98-836d-3bcc9895bf71,Female,59,$83550.30,$623.92,0,0
3,5,2,3,1,6aa01671-6077-4643-9239-91d86d0b1dec,Male,31,$45779.61,$1737.31,1,1
2,5,2,2,1,f21355f9-74d3-4344-bdac-ab75ca68978e,Male,58,$70097.03,$6067.42,1,1
2,4,3,1,3,c6d7739d-7eb3-4d46-bbc2-593810a2e90e,Male,20,$372479.13,$7138.34,1,1
4,1,2,1,4,592c4c87-5797-48d4-9030-152c500740c8,Female,45,$166009.83,$2913.18,0,1
4,5,3,1,1,db1825fc-e490-4f3e-968c-bfc5aa99c211,Male,24,$384799.29,$7772.22,1,1
1,5,1,3,4,23325f48-6a10-43d1-b167-3e909de891b2,Female,28,$278040.24,$4375.63,1,0
2,4,3,3,2,ca220488-4767-42ca-bcbe-400d52ea7dfd,Female,42,$382687.51,$1644.87,1,0
3,4,2,3,3,27d1180b-c3fa-4688-9aa4-6d0154eb4575,Male,37,$127272.81,$2871.99,1,1
4,4,4,3,3,4a607ff4-a363-4174-b503-33cef7a8a84d,Male,33,$259835.08,$6857.75,1,1
3,4,3,2,1,d01dacc7-3a3d-4924-a918-7a69d360424a,Male,89,$130628.46,$7735.32,0,1
4,1,1,3,4,05dea3d4-b900-413a-baf0-c3204002041b,Female,87,$159802.21,$201.20,1,1
2,4,4,3,3,b868e7d7-c716-4d7f-b218-f0a0e296be79,Male,72,$252230.17,$4816.37,0,0
4,1,3,2,4,67ce8277-0fd7-44e7-ae1b-a12b782a591d,Male,84,$366805.91,$2923.67,1,1
2,1,5,2,1,cde00613-0d96-4194-8569-0a26e8b3251c,Female,26,$262190.29,$3582.29,1,0
2,5,3,3,1,9862162b-6a6f-45fa-bb0f-80ccd47eda5a,Male,62,$251169.92,$1659.62,1,1
4,4,2,2,4,ccb37ecf-a30b-416c-8235-48f3b87f7df1,Male,51,$96948.85,$4531.53,1,0
2,5,5,3,4,09836df7-da0f-4e77-9326-b7a2f6db8ec4,Female,42,$484968.60,$5766.05,1,0
3,5,5,1,3,f289484a-47bf-4953-b497-fd2b666d086d,Female,44,$374229.61,$9724.98,0,1
4,4,4,1,1,d3e2b90f-9ff3-41f5-8f3e-52c013689f9b,Male,20,$491149.75,$8235.01,0,1
1,2,1,2,1,c3eff975-4761-4557-98f1-88e67dde947c,Female,85,$134358.70,$3466.72,0,1
3,4,3,1,2,9eb07a88-d380-4e15-9237-50c0f78d6310,Male,57,$202215.96,$78.91,1,1
2,5,3,2,1,3c81c5a7-eb50-4692-aabd-dd8036272431,Female,34,$67078.27,$9712.25,0,0
1,1,2,1,3,7125e373-ada9-48ba-b9a9-2b72c6ca49a8,Male,34,$449634.41,$8564.68,0,1
4,5,5,3,1,508ac2b1-f7d3-4052-93f6-b68be1349498,Female,27,$236831.13,$5991.67,1,0
4,4,2,3,4,97721c69-052d-477a-b9a4-9ab3425a38c2,Male,25,$408059.11,$5020.88,0,1
3,5,2,1,4,6357f390-bfdf-4535-a290-bb59fad55a32,Male,48,$258183.11,$4938.64,1,1
1,2,3,1,3,d2e1165e-e9f0-4e69-819c-8378650cf7bc,Female,89,$277536.26,$5528.07,0,0
4,1,2,3,2,df6e2129-19a5-475c-94f8-ab3fc2645d69,Female,36,$308027.19,$4287.09,0,1
3,5,4,3,3,2135365d-1455-4ca9-9da2-d922817599d9,Male,30,$166392.73,$390.11,1,0
2,3,5,2,4,0e1b6adb-6efd-408c-8b74-70212258f848,Male,67,$347482.15,$157.76,0,1
2,2,2,1,3,362f139a-8c62-4fb4-b641-08c5c5583542,Female,82,$212694.34,$1879.60,0,1
1,5,3,3,2,299f3c76-4944-455d-8bfa-660688ce5e0e,Male,29,$191731.69,$579.83,0,1
1,3,5,2,2,c8358080-7f3c-4ea0-bc0a-d49b6eb17c38,Female,76,$269830.09,$5791.29,1,1
4,1,2,2,2,cbb5907c-6683-43b6-991c-0cd216c537e0,Female,57,$340802.84,$8719.63,0,0
4,1,2,2,4,fedfb783-46f5-465f-8f93-26a3eacc2cd7,Female,39,$478373.20,$272.48,1,1
3,2,3,1,3,2d84535b-2f26-478d-99bd-6443678afcc2,Male,32,$8894.31,$9303.22,1,0
4,1,3,1,2,dfc5072e-cfba-40d7-9778-78495f664503,Female,52,$125413.28,$2282.49,1,1
3,1,3,3,1,51c31128-d835-4d40-854e-9b22d6d3eb59,Male,62,$400501.22,$1671.27,1,1
3,2,2,3,3,753017a6-5e0a-43df-9690-fe916e42aad4,Female,39,$40024.97,$74.22,1,1
3,4,2,1,1,9048cabe-0979-4b81-8899-305af3cba4f1,Female,26,$277989.10,$2039.25,1,1
3,2,5,1,2,1f307c52-3204-4a6c-847d-55371000af3d,Female,29,$249765.87,$9570.00,0,0
4,3,4,3,1,16c4de85-384b-45c7-9358-87b146a047f9,Female,29,$80988.77,$4982.77,0,0
3,5,5,2,4,07489245-8f74-414e-b9e1-ee4ca2bdc552,Male,37,$228995.13,$6471.55,1,0
2,2,3,1,2,cd4b559e-bcd8-4692-9467-4500057d23d6,Female,87,$10317.36,$8787.59,1,1
4,3,1,1,1,44fab152-7797-4470-b511-392c9bdedfc6,Female,50,$305143.75,$1218.27,1,1
4,2,3,3,1,7caaf836-8dac-4182-a042-fb8a8312699a,Female,60,$393415.81,$549.24,1,1
1,5,4,1,2,888d264b-c6ce-4187-a2a0-5d94d183c776,Female,82,$426832.55,$8758.64,1,1
3,4,3,3,2,3de4c590-84d6-4301-8460-d49fdccd74f1,Female,41,$310163.31,$6548.22,0,0
2,5,1,2,1,1c17dc56-5e5b-435c-acaf-6ee7461d2b90,Female,90,$308022.38,$3806.16,1,1
1,4,5,2,3,fddf64d6-56d5-4671-8f3f-6ec6ee437ca0,Male,76,$429005.27,$5947.91,0,1
4,4,5,2,4,034116d0-46ba-4fa6-9002-670b239fdc6a,Male,86,$149953.30,$2518.58,0,0
4,4,4,1,4,749140c6-a899-4cc4-b485-2f69a94334d2,Female,32,$241844.48,$1476.73,0,1
1,3,5,2,1,18db7358-ccb4-46f1-a32e-025fa76c6d06,Female,53,$367815.00,$2487.51,0,1
4,3,5,2,4,9b7ebb66-055b-4cec-9671-8c285853ec03,Female,88,$123686.33,$4496.53,0,1
2,3,4,2,1,16168478-dfd2-40f6-b920-056cf471be96,Female,54,$332035.17,$2569.67,0,1
1,2,5,3,3,a48f6975-55ec-40fb-a97a-5d34e3e50556,Female,80,$321223.51,$106.77,0,1
1,4,3,3,3,a0233a1f-af34-43b7-a2a4-4db75ef429e7,Female,65,$82922.02,$679.78,1,1
1,3,2,3,4,58384997-3b7b-4ccb-a15f-327d3b38068a,Female,36,$138342.50,$4547.78,1,1
2,5,3,1,1,5acf8a6a-e92d-41d2-85cc-ea797432e0d2,Female,59,$118047.51,$2787.86,1,0
4,2,2,3,2,17d6044b-51ca-41cb-a4c9-77c7d80fc74c,Female,24,$258869.28,$5268.36,0,1
2,5,3,2,3,a82ec66f-8127-41f2-aea1-568d2ccee5c7,Female,57,$130063.11,$4181.17,0,1
4,5,5,1,4,756a48a6-b8c7-4d8a-ad2c-819e29865cf4,Female,44,$76620.41,$4156.64,1,1
4,5,1,1,1,739a9cd9-0b33-4bc5-bfd6-deacfd53135b,Male,89,$288099.45,$7269.70,1,1
2,1,3,1,4,b7e077f3-d484-41ef-be0a-a89b0b9c1b63,Female,31,$82532.36,$7282.46,1,0
3,3,5,3,4,ade2dc77-f574-4086-beed-094c4a39a4ca,Male,60,$448737.53,$8124.70,0,0
4,1,1,1,2,076d50d1-b4cb-4601-aa69-1c16d46005ac,Female,66,$294176.30,$4512.53,0,0
3,4,5,2,3,0dac8bd4-c3fb-4bae-9464-0f5f624d6759,Female,52,$399840.85,$4185.32,1,1
2,4,1,2,4,952421e8-0d47-4aeb-8c5e-5d0a39b81762,Female,72,$438944.94,$5447.77,1,1
2,1,4,1,4,9cbc0e29-2206-45aa-bac9-1811f6c6797c,Female,70,$409403.95,$5586.57,0,0
2,1,1,2,2,91d35c00-19e3-4d22-b7e7-0af402c99fc2,Male,77,$424173.72,$282.88,0,1
4,3,2,2,3,52f1ca5e-5a72-4e22-bf9f-c763dbfdaa9c,Female,21,$352154.60,$8040.93,0,0
1,3,5,2,2,6a914d1d-62da-42e5-b314-bb54dd2b5191,Male,57,$65789.27,$4807.57,1,0
2,1,4,3,2,57f5eeea-03e7-4ed5-883c-be906e4d6d86,Female,30,$96446.85,$1956.78,0,1
1,1,4,1,3,3032e7f7-605d-4c62-be9e-1d65c1a8d0f2,Male,49,$440649.00,$9873.72,1,0
1,4,2,1,4,db3521ac-5837-48d6-88c4-6c38a5d2584b,Male,37,$452399.87,$668.92,1,0
4,3,5,1,4,24f7fdee-e70c-4df3-805f-98cf269fbda4,Male,21,$437130.15,$584.43,1,1
3,4,2,2,2,d1e4a01c-fb72-4130-bff9-1fbf187b1ec3,Female,69,$494648.99,$3470.18,0,1
1,4,4,1,2,62e0d0aa-a822-4b7d-a20d-1d15aa09aac1,Male,50,$291461.69,$9062.03,0,0
2,5,1,3,2,21410b02-aa78-43c2-aa96-dcd934514a54,Female,36,$7558.27,$8187.29,1,0
2,4,1,3,3,7a516a91-8ed0-4954-b142-88fc9e31722b,Male,20,$474584.14,$5264.71,0,1
3,1,1,1,4,8fea7cb5-4377-422b-aec7-f9b8ce9c76ee,Male,61,$201090.89,$5302.69,1,0
2,1,5,1,2,37a14b3c-e861-4124-b6ad-85da8bda3443,Male,30,$145338.55,$2891.81,1,1
4,5,4,1,4,6aa17330-7772-4adb-a34a-c62c49cd3a28,Male,37,$366736.50,$975.62,0,0
2,5,5,1,4,e5eec125-0615-4795-872d-a5b356335749,Male,82,$388021.72,$1238.69,0,1
2,4,5,2,4,59107bd0-7640-4638-bfe8-9fd578ffe6dc,Male,75,$213245.24,$1446.22,1,0
4,1,1,2,4,75902094-5c72-43c1-8f65-65764508feba,Female,42,$60386.53,$9093.88,1,1
3,4,4,1,2,cbfcac8e-5097-485d-baf7-8b219eb28d2d,Female,63,$145469.52,$2521.85,1,0
4,3,2,1,2,11b5c0c5-dee0-490b-af21-c1e543c2d2b9,Male,27,$330952.01,$7457.70,0,0
3,2,5,1,2,117a8aa5-5f67-4870-8116-085c72cd6d11,Female,53,$287033.43,$5700.00,0,0
1,2,3,3,4,277e5785-081a-47e4-9343-16b436b2759d,Female,65,$132099.91,$4236.14,1,1
2,1,1,3,3,c37d99c1-bb11-4c1d-9837-ae76cb29efaf,Male,79,$346678.69,$67.83,0,0
3,2,4,3,2,92450c54-5238-4d5d-afa3-66421cb3d204,Female,63,$74258.54,$1839.86,1,0
4,2,5,3,4,874e8cf6-7784-4d42-930e-85cfc5bab8fc,Female,41,$339989.12,$5029.99,1,0
3,4,2,2,4,b23ce209-6ab8-496b-bbf4-6f67635a6f9c,Female,57,$101208.02,$9814.95,0,1
3,5,5,3,1,12aaa114-eddc-40ed-909d-f53762da1eb6,Female,63,$393072.58,$5457.98,1,1
1,4,2,1,4,9b9972e6-52c9-4de6-a928-20515736ef67,Male,40,$328211.19,$2252.76,1,1
4,3,2,3,1,410df519-9e68-459c-bc74-cb9ede8e68f3,Male,75,$84202.47,$5318.68,0,0
4,4,2,2,1,91fe4a0f-3b67-4038-be89-6e8591ced586,Male,35,$47380.46,$7037.07,1,0
1,4,5,1,3,01c41bf8-adc5-42fa-946d-b083ed06c83c,Female,54,$474936.80,$805.09,1,0
1,3,4,1,2,1f99503d-fd9d-46b8-b536-ddb7e46ff0de,Male,25,$103603.15,$6476.15,1,1
2,4,4,2,3,58692bf8-afea-4b1a-9a44-894fea2be840,Female,24,$4717.28,$9157.85,1,1
3,1,4,1,2,47a07976-117b-40b5-bdd1-027fe673de99,Female,57,$361591.74,$951.24,1,1
1,1,3,3,3,bc7dfb28-3ca7-475c-b332-c3e24edeb827,Female,41,$332939.02,$1671.09,1,1
3,5,1,3,3,767c8854-a7f6-4e15-917b-13f05f329cc6,Male,89,$102006.57,$4839.06,0,1
3,5,4,2,3,40f1e635-b244-49b6-8f84-aa4e4eaecb93,Male,82,$240988.57,$9558.53,1,1
2,5,1,1,4,07231f10-02ed-4361-ad09-cc9ca2ff1c27,Female,61,$89280.84,$7892.05,0,1
4,3,4,1,4,2c400277-2844-46bf-8e2b-f62709166828,Male,84,$5229.19,$1056.99,1,0
3,5,4,3,2,467f63ff-19fe-4037-ac64-1d89096d56fa,Female,20,$367509.97,$4209.09,0,1
2,4,4,3,1,d7294d28-7e3c-471f-aaee-d9e65718b7e9,Male,34,$313213.19,$4696.41,0,0
1,4,3,3,3,291b54ba-ff68-488a-82c5-fb9d260f4dab,Female,82,$457878.61,$1003.84,0,1
1,4,4,3,3,8c616dc6-ec43-443d-9032-85a2bc79a773,Female,64,$459804.14,$2431.53,0,1
3,3,2,1,1,e89efa7f-512d-4609-b530-f6480582e162,Female,23,$135731.42,$5103.59,1,0
1,3,2,1,4,9765fbd9-d2ba-4a75-99f4-a8c431696bf3,Male,65,$70380.47,$5401.53,0,0
3,2,1,3,1,3dcd7418-b45f-441d-98f6-be6f80f48746,Female,58,$369249.43,$5899.30,1,1
2,3,4,3,4,54794735-7242-426a-8476-e837d5720cfb,Male,90,$212035.88,$1337.47,1,0
2,5,2,1,3,bf0ef04f-7b18-41d0-aa37-c61b5758681f,Male,25,$470697.66,$6447.16,1,0
2,1,1,1,3,c8eb3fcd-f717-4d22-8ab8-631b003202f5,Female,33,$329946.34,$406.30,0,0
1,5,4,1,2,846c4398-b1dc-44ee-82a3-15c2c7fc1867,Female,45,$159224.22,$7095.08,0,1
3,5,1,2,4,637813ab-2d4c-497a-b3a0-5f72b78e1d4f,Female,82,$498440.20,$7279.19,1,1
2,5,4,2,3,8f3aa4b5-7cae-4f82-b2fb-8f599c040061,Male,83,$174446.33,$4324.42,1,1
4,1,3,3,1,f4067561-3e05-4de1-bc69-d6dae18c7db1,Male,83,$293846.16,$3569.92,1,1
4,3,1,1,3,5e9494cf-4411-477e-8437-a0d64168d792,Male,26,$124665.61,$4517.64,0,1
3,5,4,2,4,5eb16dfe-164e-4138-9f94-ef6ffd505556,Male,87,$99537.96,$4281.13,0,1
4,4,2,3,2,cb88cccc-4efb-44af-b212-cfd09ab6984e,Male,57,$74867.07,$705.33,1,1
3,2,4,1,1,0ba8d5f4-16e1-4d03-b29f-76af0ebbb605,Female,24,$287458.89,$8410.55,0,1
2,3,1,3,1,f115948d-b9b2-4564-a925-a00cd669f74c,Female,51,$99609.13,$8482.50,1,1
1,3,4,2,3,20c54c4b-2be2-4f01-aef2-1e6e69f71252,Male,78,$435269.25,$3192.15,1,1
2,5,3,2,3,ab652286-32cf-431f-b4f2-1ce2f1e98278,Male,73,$326188.45,$4060.63,1,1
1,1,4,2,4,2e611805-ba0f-471a-ab91-94fe5a0e8cad,Female,26,$338428.29,$9453.04,1,0
3,4,4,2,2,093785e2-4541-4a50-863e-aa0cd9a66df8,Male,34,$460361.82,$4341.64,1,0
4,4,3,2,1,0678dfe5-b55a-42bc-8606-2cdff35d7428,Female,21,$185795.40,$4740.27,0,1
2,2,5,3,3,420afeba-0b0b-4f04-9657-7c4c63f9ef9e,Male,42,$353053.89,$7874.06,0,1
3,4,3,1,4,0aaa867a-9af5-4e1f-acb9-da80f1bc5e92,Male,42,$204326.11,$80.90,0,1
4,5,4,3,3,2d39d3cb-5bfa-421b-9c7d-ee6df3908d43,Male,23,$213089.27,$4485.65,0,0
2,4,2,1,1,43e436d8-5783-4fc5-9ba9-42fec21262b1,Male,47,$211397.06,$1318.90,0,1
4,4,3,1,2,9ff051a5-87c7-4d75-8f9c-9bf2acbace85,Female,63,$272912.60,$5863.45,0,1
4,4,5,3,1,7a62721f-5c7a-4f9d-9ca6-48b50572cd6c,Female,39,$124673.65,$7908.08,1,0
1,1,2,3,2,48db2aa1-aae3-4c71-bd22-2166438446dc,Female,73,$301810.63,$1650.36,0,1
2,5,2,3,4,0ad2be62-4cb5-44ca-8b95-8f9640a6ca89,Female,57,$107847.66,$3410.59,0,0
1,2,1,2,3,f3672e4f-663b-43a0-b5db-2b7a76922713,Male,33,$238470.47,$3445.94,0,0
2,4,4,3,1,2d5f247a-f5ab-4e23-ad56-22d080d9bf8e,Female,59,$98818.68,$8758.61,1,0
2,3,1,1,1,bf881b88-0730-4304-a116-4614df562be0,Female,34,$226793.82,$7259.12,1,1
2,5,2,1,1,a1bb3a1a-faeb-4301-8e96-d33fa33ed0bc,Male,57,$473602.27,$9138.21,0,0
1,5,2,1,1,a57b180a-28b1-4e45-8e6c-018ffdf09998,Female,65,$137483.32,$1083.82,1,1
2,4,1,1,1,aaeede88-35b9-4645-9634-1a5ca2538f39,Female,37,$384735.51,$6726.53,0,0
3,2,3,2,4,7a5821b1-6495-4630-8e2d-841ca7c3c664,Male,42,$167160.51,$1364.90,0,0
4,3,4,2,2,c5873058-6cd0-4152-aa30-49cfea794581,Female,85,$433539.28,$813.85,0,1
3,4,3,1,4,5d1593fc-d08e-4216-a264-0eb1f045846d,Male,74,$477977.63,$6640.66,1,0
1,1,4,3,3,ff78f4ce-c7f8-448d-a230-fd4a726b2687,Male,55,$172370.48,$6083.13,1,0
4,5,4,1,4,6af8175b-4a64-4b62-afdc-aebf753d5f01,Male,55,$489360.06,$1949.50,0,1
1,4,4,1,3,96108719-fcab-4c90-9b4c-fd7de9925634,Female,27,$66.37,$535.31,0,1
4,5,1,2,4,8bcd343d-eb3a-464a-8ba5-8d5250f5c7cb,Female,54,$223662.74,$5889.44,0,1
4,2,3,1,3,607c6591-55d4-452e-873e-7f701dd8888a,Female,84,$371887.10,$5834.54,0,1
3,2,4,1,2,b71d4982-65e4-46f6-8fb7-0e812a98f20b,Female,80,$9855.72,$2690.29,1,1
4,2,2,1,1,a747d840-bdd1-4d8f-8610-8e47fbbc6d44,Male,21,$333237.63,$8576.56,0,1
2,2,5,3,1,b1225a9e-b760-4ae4-9a9a-e5b6c4ff7111,Female,21,$69133.30,$456.58,0,0
2,3,5,3,1,1903a3ad-48a0-45c2-a232-f4b03a318af4,Male,75,$243767.62,$2721.58,0,1
3,1,2,3,3,152c98e6-bb20-4497-80fa-82d7e6c64365,Female,84,$226857.61,$1652.12,1,0
3,1,1,1,1,7dfb860a-7323-48e5-967e-389f62c7139c,Male,30,$441987.95,$9064.06,0,0
2,4,2,2,2,6f3a7e40-0f4c-4036-a0a9-866b8672db9d,Female,48,$372336.07,$8073.06,0,0
2,4,3,1,3,81249c80-d263-43df-9780-4e50c5adc75c,Male,88,$164384.01,$2607.60,0,1
2,1,3,3,4,4078b8a7-f39c-4bc2-8164-544375f9e2fd,Female,44,$407546.12,$4561.38,0,0
4,5,2,3,1,ce3293bc-24a7-44a7-bfe5-34af39cb6cea,Female,62,$283652.50,$7604.25,1,1
1,2,2,1,4,ebd80935-fecf-4f2b-9e21-1dd80a9c38a2,Male,25,$492513.12,$3797.45,0,1
1,2,5,2,3,9193849d-52e6-45c5-ba4d-298368f6b7a4,Female,69,$141024.21,$8005.40,1,1
1,3,3,1,3,4b51d213-162d-4d14-971a-bd3b17ceb60a,Male,47,$297924.58,$7175.72,0,0
4,4,2,3,1,3f2e7f73-e217-4df5-8c2e-f0e24b04ddb9,Female,88,$108232.89,$1022.22,1,1
1,4,3,2,4,fc503ffe-73b6-4a7e-9cb0-230388470331,Female,82,$154720.88,$8790.02,0,0
4,3,1,1,1,98823f45-b3d9-43a2-a8e8-6b8c4c197736,Male,61,$154002.92,$1593.03,1,0
3,2,3,1,3,00f51b7f-2de8-4181-986f-5fd7f8db64bb,Female,81,$211527.35,$3305.26,1,0
3,1,3,3,4,3922ab32-b9ba-4438-8099-51bd3e48a4f7,Male,68,$153851.28,$6650.35,1,1
3,4,5,2,2,31e62be4-8c95-4628-bfb5-911f1042d684,Male,49,$69259.58,$1570.14,0,1
4,5,2,3,1,3e6a8b78-763d-4558-be26-9e9f60c3681f,Male,51,$76918.68,$6197.28,0,0
1,2,5,2,1,676a100a-0706-4be7-a13f-89c7670c858e,Male,27,$304200.09,$2192.76,0,0
2,4,4,1,3,2360d7ed-e17e-49ee-bcdb-208a8b1a2857,Female,37,$17648.15,$5786.97,1,1
1,1,1,1,1,eebe24a7-e3fa-4f33-83e0-f4202ed16b14,Female,78,$486332.56,$6508.79,1,1
4,1,3,2,2,2effa4db-09ab-44ea-9dff-8ea7c3a70497,Female,70,$198758.12,$3659.95,1,1
4,3,3,3,1,4a9e0a34-652e-4060-9d25-c93fa45e9726,Male,44,$99520.79,$9326.96,0,1
3,2,2,1,1,e9162238-e563-46b4-a6b4-6b49a985e232,Male,29,$430865.11,$3945.24,1,0
4,5,2,3,1,a6605727-5f33-4fda-b970-a7ed2d810365,Female,65,$343008.85,$840.08,1,0
4,5,3,2,2,182d492d-9ee7-41bc-a22b-5f0958856fa0,Female,51,$371075.10,$5151.94,0,1
4,2,5,3,1,3721b58a-4782-4a19-a987-10c0b6f71218,Female,78,$119027.27,$6673.25,1,0
4,3,4,1,3,e4fa2850-001b-407d-9bd4-a06b8e899650,Male,53,$246350.75,$9688.59,0,1
3,4,1,3,3,c1501317-41e8-48c9-a155-d98d98046ec6,Female,25,$432579.63,$4743.52,0,1
2,4,3,2,4,7512c6d4-2af0-45cb-8a26-ae165e2ae3f0,Female,24,$183741.04,$731.62,0,1
4,2,4,1,2,321ba25f-04c5-413d-b5af-0e4cfb2425d0,Male,24,$327652.39,$7209.26,1,0
3,2,2,3,2,5d6f1375-8aaf-4965-9e8c-f12df7db9d40,Male,65,$206271.64,$7704.60,1,1
2,4,3,3,3,9d2b4f2a-866d-47f7-840c-8c9593a603fe,Male,87,$32810.27,$41.24,0,0
4,4,4,2,4,d6cb7e8d-b217-44f7-9110-f6ee8c70fada,Female,31,$385315.72,$8923.61,0,0
2,1,3,1,3,17061c82-d14d-4bce-a3d6-a56d946a8bbf,Male,66,$275924.08,$5824.75,0,1
3,1,2,1,2,4558a1d7-542f-4fea-9534-306116eab097,Female,73,$339836.90,$4417.33,1,0
4,2,2,3,4,1aa2ba2f-1cce-4e2b-ab10-80e21f3943b0,Female,57,$152011.65,$4685.35,0,0
4,3,3,2,4,f586fd68-0bb5-452e-afd2-2e32dcaa5d7b,Male,71,$144226.07,$4689.08,0,1
4,4,3,3,4,84c05329-8037-4f1b-92df-388f030cae5e,Female,80,$242265.08,$1088.11,0,0
1,3,4,2,3,9943b430-aeb6-439d-b153-e591bc626bd9,Female,63,$97260.08,$6502.25,1,0
2,5,5,2,3,5bbce593-d121-49ad-9dd6-dd298d8f67f0,Male,74,$241311.54,$9816.50,1,1
1,2,3,1,2,ba16ef40-3f09-4563-af2c-bc1ee994d2ce,Male,68,$429283.56,$3247.07,0,0
2,1,2,3,1,f61c3259-f119-48fe-aa75-d6c73b68cc34,Female,36,$262321.54,$3004.11,1,0
2,1,5,2,1,f7b7d470-a7ec-4347-96ea-cb5f4363d32b,Female,45,$382233.22,$32.79,0,0
2,5,2,3,2,0d49d064-3e02-4fa2-bbb4-61379992031b,Male,39,$413101.13,$6355.61,0,1
3,4,3,1,4,a6edadf8-9a17-47b0-a603-f770383ed520,Male,87,$375271.99,$1445.83,1,1
2,2,2,2,2,2441b045-e1d7-4997-9d8e-5a6b146662c3,Female,20,$338198.84,$4408.96,1,1
4,4,1,3,4,407e30f5-2cfa-4979-ab6b-ec74d5757459,Male,58,$374995.18,$9523.63,1,0
2,5,5,1,1,00cb8eb9-7c6c-4341-9ad2-485e9c638448,Female,43,$345575.37,$8024.73,0,1
4,2,3,2,1,5adefc17-9a14-44fe-8d09-9fec39ce392c,Female,27,$255526.91,$7321.10,1,1
4,3,2,1,1,103c54e2-b0a8-48e7-bd9b-7a3c44461085,Male,26,$213340.20,$2340.59,1,0
2,1,5,3,4,d1a3b5fc-f3ff-46ff-adbb-1aa7b9fd537c,Female,69,$2502.45,$2952.11,1,0
3,4,4,1,2,84e280c8-8354-4d02-b764-8df5c5712830,Female,63,$73606.01,$2463.62,1,1
4,1,2,3,3,b14c6f50-b6c5-4a58-b4a4-6c74ef4340c5,Female,65,$189233.77,$6597.72,0,0
1,1,4,1,1,770becfb-316c-4ade-bd8b-02b7d99dafde,Male,37,$234581.86,$8094.98,0,1
3,1,2,3,1,e7eb730f-64a6-44ef-9877-25a677c62283,Female,87,$425820.15,$5658.16,0,1
3,3,5,1,2,246adb6b-c59c-43ea-b44b-fba645711baa,Female,48,$63786.85,$2070.55,0,0
1,1,4,2,2,4867f6d4-db4e-41bc-8879-6938ab88c719,Male,56,$187775.90,$4769.24,0,0
2,5,2,2,3,2c7ba702-36cc-4c87-b10a-b831f1eea9db,Female,45,$483800.09,$128.68,0,0
3,5,2,2,4,3e7743c8-f6bb-470d-815a-c90c99b64549,Male,43,$192090.15,$9306.99,0,0
2,2,1,2,3,64dc836b-981a-49c0-8edf-a4f5e2371f83,Female,35,$131987.83,$8689.63,1,0
1,5,4,3,4,774130cb-6c6a-4cba-9f48-81de0349c5d6,Female,31,$128813.30,$7151.23,0,1
4,1,2,1,4,9f6f91d3-5cca-478e-9fa8-0ca311c18730,Male,50,$480245.33,$6041.03,0,1
2,5,5,3,1,4d6bc459-b3c4-4b3f-bfc9-8455cd493644,Female,26,$231537.73,$3342.67,1,1
4,4,5,3,2,e6748d06-a501-4248-b786-2aaa0f7b8542,Male,26,$357907.45,$4601.59,0,1
1,3,2,1,1,793bbae1-5542-44e0-8267-e4e53941df57,Female,79,$330736.74,$5833.66,1,1
4,4,3,2,1,9a09647c-3a80-423f-862c-76e7f64f3ce8,Female,65,$280884.69,$69.61,0,0
3,2,1,1,1,70c79dba-2947-4dd6-acae-4d9d71fd97ff,Female,82,$239339.44,$9986.95,0,0
1,3,5,1,3,06fb7732-4806-4fd4-a7a4-de7c701a4c15,Male,55,$81247.14,$9911.79,0,0
3,3,1,3,4,2ce7f7d8-7f22-430b-a2c3-5da5c6c9ccac,Female,70,$459599.13,$1765.18,0,0
1,2,5,3,3,61082624-41b9-4a35-9daa-319c310a67c8,Female,59,$85346.87,$4663.65,0,1
1,5,4,1,1,ddfb6413-5961-4e03-bdd6-3e99b23dea1d,Female,25,$253262.42,$7568.61,1,0
2,3,3,1,2,aeac16ac-118f-4f82-b15e-b6b7ce56db30,Male,42,$229767.52,$9695.25,0,0
4,5,4,2,2,301834ef-ea39-4c19-a607-635222429efe,Female,65,$114607.90,$482.83,1,0
1,4,3,3,2,87f811d8-2b22-4dc3-a506-bdaddcb46d4e,Male,82,$352456.04,$8294.83,1,1
4,5,1,1,2,4a62ee26-1361-4487-85f9-53b13c268997,Female,48,$177064.62,$7517.60,1,1
2,4,3,2,3,e17665ac-6c97-4bdb-abf1-dea074a4af8f,Male,81,$173769.67,$6960.42,0,1
2,2,5,2,3,ca27764d-9741-46d3-a745-773e5873032e,Male,64,$310428.24,$6861.51,0,0
2,3,3,1,2,39eb9902-91c7-4bf6-8842-dc9e837af1eb,Female,23,$155568.68,$6147.09,1,1
4,2,3,3,2,ccd90638-7db0-437c-a33b-0390dcb6da8f,Male,32,$383627.28,$4473.15,1,0
2,1,3,1,2,a8902e9d-e242-4d87-9c79-73ba662664a0,Male,87,$247953.20,$861.64,1,0
1,3,5,1,4,bc5fd5b9-25b4-4076-b504-69935271e46b,Male,60,$174113.13,$266.77,1,1
4,4,2,1,3,98668bba-c808-4288-b220-a5632772768a,Male,59,$368820.01,$3725.15,0,1
1,5,5,1,1,7c3d7e7e-3699-4e8d-a9bf-719beff4e671,Female,20,$394564.52,$5855.67,0,1
1,3,3,1,3,c7ca8c82-e73b-4224-8c18-5b70b28b4cba,Female,21,$373308.16,$9830.86,0,1
2,2,2,2,3,bc343236-25d6-4da6-acb4-05df590c5d46,Female,35,$301458.18,$3086.72,1,0
3,5,1,2,2,1c3064f0-4846-431d-8a68-ba77e8f0e038,Female,78,$433688.06,$6058.67,1,1
3,4,5,1,2,e8643814-7e54-4be7-82b1-d73e2e44a393,Female,85,$168901.45,$1321.00,0,1
2,3,5,3,3,ee3f39b0-d8e1-41eb-a18b-09757762fbbe,Male,83,$472359.77,$7723.31,0,0
1,4,4,2,4,d4b0de36-3c9a-4eba-b14e-20a80552a2cd,Female,37,$20664.83,$9017.24,1,1
2,2,4,2,4,095e3be0-ef95-4816-85d9-a9a875cda0bb,Male,63,$21068.40,$485.83,1,1
2,1,4,2,2,0ce24b7f-079a-4102-9e66-9d085e9412b9,Female,33,$196342.94,$5199.80,0,0
3,4,1,3,1,57db2a7e-0fee-4d21-8241-bb0b5eefb814,Male,73,$308120.47,$6307.00,0,0
3,5,5,1,3,cbf15d19-e6ae-448a-89f5-7303ecc51259,Male,28,$418327.09,$9647.15,0,1
3,4,2,2,2,237a4ea3-738f-4541-bb3e-ba6e9fe58b22,Female,58,$225649.76,$6140.58,0,1
1,4,2,1,4,f9a47624-bccb-4703-9cca-d2d708e71acb,Female,21,$155380.46,$1691.79,0,1
3,5,2,1,2,312538dc-c862-46ac-bfa6-1821bb96785d,Female,25,$73995.82,$4594.41,0,0
4,3,4,1,4,bf2d967f-4f19-45ed-8571-6258e8a74eaa,Female,62,$258607.31,$261.25,1,0
4,1,5,1,4,de83373d-7f92-45f8-bcda-57f5cb403211,Female,62,$242769.87,$838.93,0,0
3,4,1,1,3,e11d2ca4-fdc1-4966-9355-b141625cd31b,Female,71,$446168.06,$6441.82,1,0
4,2,5,1,3,dd560fca-73c5-4920-ad7e-30f813f9609e,Female,66,$416149.66,$744.04,1,0
4,2,4,1,2,87a42083-3b6f-41c4-bb1b-5252008719d5,Male,38,$9800.37,$2126.45,0,0
1,2,1,1,2,58c006f3-3456-4db7-b272-e1da0f865e12,Female,31,$329855.85,$3448.11,1,0
2,2,4,1,1,16fd1bc2-6704-4181-895f-9038d60299a7,Female,77,$12262.10,$8903.63,1,1
2,3,3,2,4,8e7097fd-c2d0-4e60-a172-c238d42c76e5,Female,38,$165342.14,$1171.32,0,1
2,2,4,1,3,5e89e0f4-12b0-40ff-b1ee-78dae2cad580,Female,28,$261571.42,$8376.86,0,1
2,3,5,1,1,e96f59e8-eed9-49ef-a1bb-e6dae95cd9de,Female,64,$106550.15,$5479.84,1,0
4,3,5,2,4,c42bf7ed-7620-4400-9f38-020a8b20e22d,Female,84,$200830.99,$3162.55,0,1
4,3,5,2,4,c6ead9fe-0195-463a-8f0f-52ed31b59732,Female,44,$29382.45,$7825.25,0,0
3,4,2,2,2,3b2eb33e-4ff3-4ebd-a434-784491730c0b,Female,29,$373460.41,$785.39,1,0
2,2,3,2,2,73ff53fd-1849-4d48-9f2b-55e9ce02dae2,Female,37,$355650.65,$448.20,1,0
3,5,3,3,3,693f3113-8c7f-4f1c-9673-a8f1874779c5,Female,38,$102387.74,$7107.76,0,1
3,2,2,3,4,689b293d-91ee-44c8-a76d-519a00dbca73,Female,61,$457226.55,$5199.43,1,1
3,1,2,2,2,cf52cd91-aebd-4c5f-9264-b7a1e5a8ffb1,Male,30,$283995.47,$1352.10,0,0
4,4,4,3,3,8a5137bf-5081-4db9-8a97-a1be4f682d72,Male,69,$415561.58,$9718.48,0,0
1,3,4,2,2,6a54d854-8534-4d89-981c-4eb865aeea1e,Female,30,$9619.17,$8993.49,1,1
1,5,3,3,2,3b151704-0d28-471f-bdf9-ce459031c965,Female,20,$174474.30,$3341.61,0,0
3,4,4,1,3,b39c1958-6b36-4f55-9799-abd1657fc8fa,Male,74,$490487.95,$8197.02,1,0
2,3,5,1,4,9821f43b-5f53-45d6-bf57-b0fcfeae6774,Female,27,$324530.11,$2706.30,0,1
2,1,5,3,1,83943cff-13a0-4435-90bb-fd2558a406e1,Male,75,$52350.11,$5389.96,1,0
4,2,5,3,2,cd13a8d6-b7f2-4dcb-ae49-7c439f43b4eb,Male,68,$172885.62,$7941.75,0,1
1,3,4,2,4,985ccb63-fa34-4158-80d8-d3bf3f43dc95,Male,51,$276453.79,$6940.08,1,0
4,5,2,1,4,49d8f5bd-8d8d-4b9d-8995-53cb7655694e,Male,60,$337178.77,$4551.17,1,0
3,5,4,2,1,cfbe8db5-212c-4dd7-a76c-544fee7a61fe,Male,28,$342124.62,$5605.52,1,0
2,2,5,1,4,36ab92dd-d74c-44e6-b832-1c6d626e50bc,Male,34,$445638.07,$7703.31,0,1
3,3,3,3,1,fe7ca985-43be-46e5-a7c2-a126c6ae0007,Male,71,$345069.98,$9474.83,0,1
2,3,3,3,2,78007f1f-8a06-463d-9e87-b9a750b04999,Male,66,$185160.31,$1481.37,0,1
4,4,3,3,4,a41daa14-99ed-40b7-b667-186c4ee77259,Female,21,$454160.31,$4158.71,0,0
3,5,5,2,1,fbf7a3aa-5a2f-4a69-8438-af5f084539bc,Male,58,$1632.84,$8643.06,1,0
3,1,2,3,3,65015f36-d771-4f79-85e2-154de7cd5b4d,Male,83,$211119.74,$9673.79,0,0
3,5,2,2,1,06a50e99-b7e6-44b4-bf77-081407c5ffae,Female,69,$320824.99,$1234.70,0,0
1,1,2,3,2,e95eae7b-1325-40dc-9fa1-8b29df65d08f,Male,84,$464025.61,$8523.95,1,0
2,1,2,3,4,5820c5fd-96d0-4fa0-9902-f3b51a90ad07,Male,29,$411756.71,$9164.87,0,1
1,4,3,1,4,1bdedcfc-ce6c-4038-b84a-75a920ed6252,Female,32,$269579.33,$6719.60,1,0
4,5,3,2,4,6432436d-61f8-42dc-b207-f1c5b23a5e0a,Female,42,$282723.58,$6821.02,1,0
2,5,2,1,4,661afb84-5f3d-4d41-b938-24b02416029e,Male,49,$321276.90,$5543.77,1,1
2,5,1,1,1,4089c381-2a29-48b3-94d4-ec84b12f2cd8,Male,67,$401200.05,$2066.94,0,0
4,3,4,3,3,26ac4421-5e09-4c03-a030-ad2f838f97ce,Male,43,$72088.89,$5227.60,0,1
2,5,3,1,1,a30aed6e-2bb5-46c7-8d8f-c72e60f39a36,Male,54,$23811.02,$6569.39,0,1
4,3,2,3,4,e708f1b1-d3c5-4c1d-b06d-e623e2831b4f,Male,29,$287047.22,$1740.64,1,0
2,1,3,2,3,8aff28e3-a6f1-4362-9b31-7e6d3909d875,Male,66,$166823.27,$6217.15,1,0
4,2,3,3,4,55614e4e-b0c1-43e1-a08e-24711c472245,Female,43,$412402.84,$2066.15,1,1
3,5,2,1,2,aa74fee1-4836-4b62-aa48-0b8591d4b562,Male,57,$168070.01,$8631.99,0,0
2,1,1,3,2,367e30ac-5e6c-4e49-b46f-0f27d6126f82,Male,52,$258193.35,$921.37,0,1
4,3,1,3,3,4f123ba4-02a8-4444-916c-658848d03588,Male,79,$138872.13,$9030.49,1,0
3,1,5,2,4,c72df25b-0b8e-4a76-af49-f54269b9dd16,Female,44,$190599.33,$7165.71,0,0
1,4,4,1,3,40650ddc-88f5-461a-9b53-34951b162f39,Male,85,$305174.97,$6266.12,0,0
2,1,5,1,4,f0458062-9620-4cd5-98da-126c78ae6c62,Female,79,$145983.27,$3629.38,0,0
1,5,5,3,4,9bf5ac71-34b0-47a7-baea-be8431d9e502,Male,60,$181577.07,$9795.25,0,1
4,5,2,1,2,a282e77f-4cf5-41a6-9d0f-cfa03c8d8958,Male,44,$165850.42,$3419.00,1,1
3,3,5,2,3,62bc96e8-20ee-4906-85e8-92300ece5c35,Female,89,$301552.98,$7644.02,0,0
4,3,1,2,1,eeb8e76c-8045-455c-bcd2-db9644aeba27,Male,87,$313589.99,$7611.09,1,1
3,1,4,3,2,1833e7e5-1c9d-435f-938c-b097f3e7d0f2,Female,63,$310620.95,$7899.54,1,0
1,5,5,3,3,783625ac-0172-41b3-b432-de70a88e62bf,Male,41,$200663.68,$3186.06,1,0
4,5,4,3,3,dcd702e7-8dcc-4921-9045-a3f03ea5bafa,Male,76,$164164.24,$3405.78,1,1
1,3,5,2,4,43991742-50ab-451c-b128-f5c4a6a456bb,Female,62,$291611.56,$2547.12,0,0
1,4,1,3,2,9c77a119-19ee-42d5-a6a9-63a7c4cb9a02,Female,83,$33396.52,$2048.19,1,0
3,4,3,2,1,2438efff-0a0d-4243-b801-7b9c7d4824a0,Female,79,$240056.21,$9652.04,1,1
3,1,3,3,4,2ac69ae7-dd7d-4ca8-9059-3ffcc5c79222,Female,83,$201173.53,$9455.69,0,1
3,5,4,2,4,3c480c9b-97ab-4dcc-b7cc-494b55a67a02,Female,39,$121529.83,$2023.06,1,1
3,2,1,1,3,67e2adf6-6429-4923-8865-b090c1b7c7de,Female,26,$112568.20,$3457.37,0,1
4,1,2,2,2,8287d55b-7ab1-49e1-bcea-3bb1561c72eb,Male,49,$258112.11,$5440.45,1,0
3,5,5,3,1,5343afd0-4d34-4810-8e7f-dd4bd300c2b3,Female,79,$411487.71,$6623.61,1,0
3,1,3,3,4,2864057f-4c55-4848-bb97-eec1f40d6651,Male,57,$66693.21,$7213.44,0,0
3,1,5,3,4,0b3c0daa-9f35-4bce-8a75-3c46e9e3613a,Female,54,$466155.63,$849.43,0,1
2,2,3,1,4,1d0f675c-2c5c-4e58-9f5c-550ca9a817c5,Female,90,$377640.95,$5107.03,1,0
3,5,3,2,4,b3c4e25b-1e38-4d91-9e34-ae00bf00b1b9,Female,31,$436577.37,$5184.90,1,0
2,5,1,2,3,96ce41e2-9b84-43b2-9057-ab2bbcd0c3ed,Male,38,$2324.78,$9549.39,0,1
3,3,4,2,1,eee6f730-4ac7-4035-94dc-43f202dc464a,Female,44,$411362.69,$4289.64,1,0
4,1,2,3,1,7d341306-1387-4242-ae42-4a24009431af,Female,50,$96204.02,$6178.93,0,1
3,2,2,2,1,b6ad038e-a14b-436d-acfc-8b4aeb11a60e,Female,59,$342370.87,$179.52,1,1
4,4,2,2,1,862f4637-e508-4b62-837c-ec0df14fa6f2,Male,77,$110006.34,$2258.03,1,0
3,5,4,1,2,ce572a01-59f4-4fbf-8b9f-3a70e52183eb,Male,52,$378651.39,$5308.80,0,0
3,1,2,1,4,e3f58ae2-0fa2-409a-afab-ff6c197f0322,Female,90,$347946.85,$1856.68,1,1
2,3,4,2,2,7d84a56b-1d88-413b-8bef-1bd4212a469a,Female,23,$123483.47,$9523.17,1,1
3,4,4,2,4,8aaa396a-7799-4f89-8798-138221ef9a6a,Male,80,$255812.54,$3188.49,1,1
4,5,3,2,4,1b0537aa-a3c2-439d-a8aa-fa9586a80ca5,Female,63,$406213.96,$8746.58,1,0
4,2,3,2,1,2c88918c-4d6b-4159-8013-84d7eb6e8b7b,Female,33,$299028.72,$8323.47,0,0
2,5,2,1,4,3cd00f93-c62b-453d-a514-2bc7c08fc11b,Male,79,$157242.56,$9161.24,1,1
4,3,2,2,4,797ce7b1-8d95-49b0-875e-f25590b0a668,Female,66,$56481.95,$3237.17,0,1
3,2,1,3,4,4ecc0332-ef02-4e47-89cc-5e35004b1d37,Female,28,$446042.30,$1142.63,0,1
2,1,5,1,4,ebab0358-f54b-49a4-be5d-029dfd645eea,Male,21,$461161.28,$8232.90,0,0
3,2,5,3,3,8c9b3d0e-82de-4544-a64f-06738cb8aad2,Male,54,$428853.60,$3744.46,0,1
1,4,1,3,1,de056a91-64e3-4ed4-b6b1-88724f33f31e,Female,86,$417623.04,$4496.00,1,1
2,5,1,3,4,7c746605-8651-47f2-80fe-e8fc288ee48e,Male,62,$294303.31,$176.95,1,1
2,4,1,2,1,a06c0903-fbd8-41ae-98b4-d354e02aae28,Male,21,$276873.62,$5144.87,1,0
4,1,3,2,3,a281cbeb-bce7-47ee-9401-15a4fe200ae2,Male,80,$238535.44,$1907.22,1,0
1,4,3,2,2,a83ae17f-fb38-4b5d-b85a-0f784cf5038f,Female,48,$325816.81,$4468.01,1,0
3,5,4,2,2,55b19dcd-95d5-4152-b85c-0cc42e829353,Male,68,$360574.50,$3194.64,1,0
3,3,4,3,3,c0604d41-f839-4e60-a98a-49dc8d27b811,Female,30,$43302.15,$98.81,1,1
1,1,2,2,2,275ae7fe-5d77-4a28-a452-66294f36bb16,Female,30,$363586.67,$3849.65,1,0
3,1,2,3,4,765d0b55-a896-480f-bb3e-63c5ed919a19,Female,64,$246403.90,$3095.86,0,0
4,5,5,2,2,b327c731-70d2-4f6a-8810-2f639d1e2a45,Female,89,$268681.59,$8797.95,0,0
1,1,4,2,1,48f1b207-083e-4708-a023-cea35285f39f,Female,75,$297669.23,$8381.08,1,0
4,1,1,1,1,e8da232b-16d4-4200-b1c3-9afda607f030,Female,63,$163498.65,$7074.77,1,0
4,1,3,2,4,e8861f17-90b8-41e9-91fe-3dd9e281e540,Female,40,$415756.41,$9122.58,0,1
2,5,1,2,3,96091a8d-b077-429a-bbb6-3482cab58dee,Male,56,$360934.60,$960.39,0,1
4,2,5,3,2,06e469a2-d6d4-4431-9089-d1632218542e,Male,20,$227569.62,$9612.96,1,1
3,3,3,1,3,99b05e0c-2490-428e-a9f2-8dcf0934d9bf,Male,83,$104609.54,$459.96,0,0
3,2,3,1,2,a582e62f-a7d0-4c51-a314-bf550a5ba843,Female,37,$291783.99,$6742.09,0,0
1,2,5,3,2,79d36c07-57a9-4f30-b5e4-69e8b31def28,Male,68,$52598.94,$2312.79,1,1
4,5,3,1,4,f6305e16-4ef5-467f-b4ba-abdeaea6ad2b,Female,76,$124360.75,$2924.52,1,1
4,5,3,2,3,edcb6c08-b928-4cfb-88a2-c9c91784449c,Female,68,$309482.40,$4080.88,0,0
4,1,2,1,3,b9004c7e-08f9-45da-8ce8-b3b12aae59b9,Male,42,$425951.88,$1036.43,0,1
4,1,3,2,1,8f32d844-81d3-4a27-adb0-45f6c936c3b4,Female,30,$387940.50,$4216.07,1,1
2,1,1,1,2,7711f099-3429-46f7-9a96-1043cc44836c,Female,53,$162669.54,$905.05,1,0
4,3,5,2,1,ad69b684-ef9c-45e5-b5f7-67eed0283b56,Female,83,$26558.33,$7340.97,0,0
1,4,1,2,1,95be7a4c-8c90-4464-876b-be00dc021fc5,Male,76,$150197.29,$3289.18,0,1
3,5,3,3,4,c43b2e80-7d01-416d-8e07-2878b99d483c,Male,33,$173603.55,$7806.39,0,0
3,1,2,1,3,f80a8c8e-1e76-4916-9c51-2f023d88c68e,Male,81,$476340.46,$7384.53,0,1
1,1,5,3,4,b4ef1eeb-14ec-4812-81d6-8af6dedc98b2,Female,77,$35160.76,$3424.39,0,1
3,4,5,2,1,962eda4a-2507-4928-aa3e-8d75cd7715d0,Female,26,$489068.87,$7204.53,0,0
3,3,5,3,1,648f5341-3af5-4056-a7f1-b2ad2851523c,Female,78,$417726.13,$8490.65,0,0
1,1,5,3,2,becbe5be-6eae-41ab-a7ca-ae48dca31d64,Female,78,$755.19,$1157.78,0,0
2,4,4,2,4,1086944d-605c-40e9-b0c3-3f3f5332f03d,Male,53,$397483.18,$2651.65,0,0
3,5,2,2,4,1994f7d6-0d72-4d7e-b586-ff16e8b482de,Female,57,$5639.19,$3316.22,1,0
3,3,2,1,2,316c1b1a-0903-431f-8213-51af183a8b50,Male,41,$136888.29,$1574.61,1,1
1,4,1,1,4,38cba1cb-6cbc-4864-873c-4ca290c0b899,Male,27,$300110.16,$3932.73,1,0
3,2,1,3,2,d81b8a39-d7a7-4d51-bb31-9dbaedc9a481,Female,35,$407635.51,$9456.99,0,0
4,5,3,2,4,7eb0390a-594e-47a7-9e62-1604eeb9808b,Male,83,$89097.94,$1226.79,1,1
2,5,5,3,4,fc7dd593-a987-4c18-ab6d-ba4ce69a64f7,Male,46,$164250.72,$339.79,1,1
3,1,5,1,4,7657f5e4-a01a-47a0-9151-0ab49b5a94ae,Female,52,$41596.20,$8973.99,1,0
4,1,5,1,1,70c2fd87-e638-4a31-a64a-82e858476bbf,Male,84,$40429.28,$6397.03,1,0
2,3,3,3,3,6457f302-9454-4124-aae0-816ea10d9a98,Female,82,$319360.92,$5181.18,0,1
3,1,2,2,4,f3823bf1-f867-4ce3-9485-351196c0a7dc,Male,57,$268325.79,$7086.36,0,1
4,2,3,1,4,dba3c70c-e576-4334-8b67-a643a00f88fb,Male,55,$101668.34,$8332.40,1,0
3,5,3,2,2,7f99d47c-53f1-4611-94aa-69623019e888,Male,90,$135555.25,$5931.62,0,0
4,4,2,3,2,0e7c4f18-4ad0-4267-aef7-a70dc7e08e5f,Male,81,$397258.84,$4506.43,1,1
4,1,3,1,3,abc8ba0c-ae6e-4e13-8372-7fb09bc8e253,Female,61,$173356.16,$1726.78,1,0
2,1,5,3,1,08e295d6-452b-496c-af17-10e7916fcab9,Female,48,$312319.30,$8515.08,1,1
2,4,2,3,3,61b95ed5-7fa3-4fe2-878c-a7c204626a01,Male,31,$341985.31,$7412.22,1,0
3,4,1,2,4,862c6810-7825-4c36-b526-534618351cae,Female,88,$59758.47,$1362.67,0,1
3,5,1,2,2,e41f58e9-6bd8-48b2-b8fd-8dd59b1ee78a,Female,72,$490044.40,$4452.22,1,0
4,5,4,1,3,785ba780-280c-4cb0-a85a-ca79b548b85f,Male,83,$334035.20,$7644.26,0,1
3,2,1,1,2,f7899523-8ae3-4463-b3c1-2aacca77f20f,Male,38,$351442.70,$5289.73,1,1
2,2,3,2,4,5f367dbb-007d-4f0a-9481-3559a42bdb11,Female,68,$154213.71,$9658.93,1,0
1,4,5,2,1,7e3c59c9-a56b-4de9-b527-7bbf2b0f742d,Female,31,$11002.14,$2809.79,0,0
4,1,1,3,3,05866623-7360-41fa-b021-138e7a8c53f6,Male,66,$485584.37,$6506.10,1,1
3,5,4,2,1,cf89930d-eb6e-4990-9bad-24c9a1d77903,Male,63,$441601.92,$4985.83,0,1
1,3,3,1,1,70d3b3e8-f207-4065-81c7-337cf686a3fe,Female,78,$349342.38,$1162.68,1,0
4,5,5,1,3,c4ba2218-a2e0-4203-b869-3be2f2bf238a,Female,77,$191765.86,$9846.78,1,1
1,1,3,3,2,66bb85a9-fdab-4785-9061-c903dd30f592,Female,53,$358030.98,$4584.32,1,1
1,4,4,1,1,66643f3d-3924-4be8-b072-57be4ee73e33,Male,52,$146319.96,$1141.00,0,1
2,3,3,2,2,2de01beb-c599-40e5-b7d8-03d34ac6f9d9,Male,48,$328982.41,$4469.28,1,1
2,5,4,2,4,0492e106-0cfc-4bfb-a1af-7a2cbf0b0006,Female,36,$213911.83,$4409.68,0,1
1,1,3,3,3,4e5baeba-699d-4702-884b-be3f8b89ae1f,Male,67,$369845.49,$7684.16,0,0
2,4,2,3,2,e63a63a1-e081-40cc-83b4-db4885cfc78a,Male,34,$409316.39,$5729.87,0,1
3,5,1,2,2,cc82c8aa-1c92-4f6c-b6d8-38f555ce1e19,Male,59,$281880.62,$6766.28,0,0
3,5,3,3,4,543e7fcb-e1e7-49f7-915d-bb2719d0ad85,Male,66,$465298.92,$511.94,0,0
3,3,2,1,4,1bc2a605-bd28-4371-a2ad-2c7ee34b1056,Female,69,$65476.66,$7927.57,0,1
3,4,1,1,1,87a7d156-0e0e-4dbf-8eaa-e3b9ead6d269,Female,32,$465750.87,$9517.63,1,1
2,2,5,1,4,b611a16b-6f5d-4dd8-a59d-f1b8f41e9b10,Female,51,$111660.52,$5588.84,0,0
4,4,5,1,3,4b49198a-1db8-4c08-bb8c-667f93edc253,Male,67,$80105.81,$6660.84,0,1
1,2,5,1,3,a70f80a0-0801-4bf1-a726-a4946dfb18a3,Male,88,$384043.18,$8029.53,0,1
4,4,4,2,4,191f3b91-7698-458b-b5bf-4d9aa577c97c,Male,45,$79265.89,$9344.56,1,0
4,3,4,3,2,f80f3688-c88d-4777-8dd1-fd6911d07d08,Male,69,$137500.61,$7453.70,0,0
2,3,2,2,4,d86d06ee-1ef6-46a2-a12f-8a744e5bea75,Male,45,$456701.46,$3998.44,0,1
2,2,5,1,2,ed73b0a5-4ab4-43fc-adfb-33a04c3f6f3d,Male,55,$171803.00,$72.08,1,0
2,4,5,1,1,02f8986c-26c6-4bec-b0a4-6671dbb7fa15,Female,35,$55957.51,$5035.75,0,0
2,2,3,2,2,2db8f83b-5a59-4175-961d-9017c4ebabdd,Male,73,$488531.87,$2392.86,1,1
3,4,3,3,1,b63cdca1-c9aa-45be-b65e-df6ecad2aefd,Female,34,$464222.28,$7323.74,1,0
4,3,1,2,4,a69eb828-1f34-4d23-82ff-9309ffc69d1c,Male,78,$382712.45,$3495.32,1,0
1,3,4,1,1,401effc1-1e36-4b7a-b33d-2c5e41590363,Male,64,$466663.62,$9637.78,0,1
2,4,4,1,1,a4c0da1f-f0f4-4798-9f66-3e58ab854eb9,Female,23,$275390.66,$5614.37,0,1
3,2,4,2,3,d9e0a018-9499-4c50-8e7d-2dcb753353c6,Female,23,$36010.99,$348.50,0,1
4,5,3,3,4,12a7e9ef-b67f-4109-9fe3-d598b3b2ffd3,Female,33,$27088.86,$9413.44,1,1
1,1,2,3,4,e53d68ab-78e8-488e-b326-3ecc4f80e0f2,Female,24,$415067.58,$2846.11,0,0
4,2,5,3,4,c349d1c1-9b47-4795-9ada-4a02925efeca,Male,60,$108454.36,$8256.33,0,0
1,4,5,3,2,83b700bb-b976-4e3b-b026-7cd838849060,Female,37,$388072.46,$8523.61,0,1
2,5,5,1,4,e8ea8a0c-c8fb-4b53-a589-76ceedba74e8,Male,85,$48004.89,$2154.87,1,0
1,3,2,3,4,ee67de68-215d-41fa-b450-1c560b45809d,Female,88,$112572.74,$5571.09,0,1
2,5,5,1,3,13c245fb-cbed-4b07-9cf4-c7cf1d734a21,Female,58,$379165.19,$5748.72,1,1
4,4,2,3,2,36963548-2f6c-42fb-9dbe-d3881eab960f,Male,49,$362746.98,$9386.27,0,1
3,4,2,2,2,40a9372c-7d9b-4c37-beb6-46c9ad092228,Male,81,$152519.82,$7806.62,1,0
3,2,1,2,1,b154219a-6ea0-43fd-9930-3394baa80d82,Female,25,$317347.86,$1965.43,1,0
2,4,3,3,1,9689118e-6c35-42b7-906b-02187c36641d,Male,35,$350287.90,$704.04,1,0
2,3,5,2,2,65fbc550-21c9-450b-a5af-3afe60dec9e0,Male,54,$465736.42,$5222.01,1,0
4,4,4,1,1,1b8ce974-df5b-4e1f-aef0-d03cc86a6066,Female,50,$121690.69,$1693.98,1,1
4,4,2,3,1,fa5eee02-eb29-4b63-8342-d67e456fdbfc,Male,28,$70197.57,$5101.25,1,1
1,4,4,1,4,1fbd8909-6f40-4516-be1f-10315c9bd95a,Male,45,$221421.83,$2563.38,1,1
2,2,5,3,1,540bb4c3-5931-4747-b3bf-abc91a1a705d,Male,66,$291676.39,$338.80,0,1
3,2,2,2,4,d04e57db-1bff-4afb-94d7-e42ac7a2bd3d,Male,24,$327884.84,$9068.72,0,0
1,4,3,1,3,a698f825-9020-43dd-9e26-4fbfb2e23895,Male,25,$445975.01,$6520.03,0,0
4,5,3,2,4,6fe3a518-8b8a-4ead-b5c4-113ebb95d1b9,Female,88,$251146.03,$6983.14,0,1
2,1,4,2,3,474618cb-13ca-4cfe-977c-a7bac506a95f,Female,65,$410081.88,$6241.01,1,0
1,4,3,2,1,9cf24a75-bbff-4b80-8963-b69fdcc20843,Female,39,$478102.43,$5266.54,1,0
3,1,4,1,1,2a9d802d-8e2e-4a99-be6d-816633caa4a1,Female,87,$130698.56,$3079.08,0,1
3,1,1,1,3,0c54987c-2433-4a2c-a8a3-2a5d60f5c4e2,Female,25,$67130.12,$1322.76,0,0
4,4,3,3,4,a5a8632d-7fa2-4383-8678-3d9cc6cecdaf,Male,61,$123360.63,$3152.29,0,0
2,2,4,3,2,859a95d6-8ac9-4353-8620-a20d307773d8,Female,60,$170368.02,$968.78,0,0
3,2,4,3,1,48edaeef-ff11-43b6-8ba5-f899ff4d5473,Male,87,$428724.86,$4091.97,0,0
3,3,4,1,2,d0fcc642-4d59-4a8c-9bd8-d3f0a31476cd,Female,82,$484703.17,$4650.89,0,0
2,5,2,3,3,65bb04e0-0fe8-4176-9315-8b8d42e22e2f,Female,28,$456322.31,$8109.34,1,1
1,2,2,2,1,8ebcf461-fcb7-4d82-9bc2-415b8c9821c7,Female,36,$380480.73,$7976.74,1,1
1,3,4,3,1,2e4ce1b2-c09f-43f5-97cf-39164149436a,Male,73,$382233.01,$3985.14,1,1
2,1,1,1,1,ea9acc46-36b6-4ba5-b480-ee2f7e057501,Male,64,$166074.57,$7858.26,0,1
2,2,3,3,1,b0dca693-c264-449b-b202-28b9e52e9735,Male,78,$365557.73,$3559.52,0,0
2,4,5,3,2,844e3adb-1c28-4b16-9031-86986ea8891a,Female,54,$132649.22,$5176.34,0,0
1,2,4,3,2,04b97008-3973-4343-ae51-7d6f5bbac3ac,Male,38,$239581.38,$5051.32,1,0
2,4,5,2,4,3f00df9a-0924-40e0-8549-e18af7c2292a,Male,73,$64835.89,$7100.72,0,1
1,1,2,1,2,28ff08c6-d163-4bd5-b505-40ad76f92ab9,Female,31,$12741.80,$6560.15,0,0
1,4,4,2,3,b613d7a4-2bdd-4efd-90f9-a3fe1cd1e8ac,Female,60,$348647.73,$2500.47,1,0
4,3,5,2,1,25fb4e23-068f-4f83-8519-593e489a3053,Female,57,$195491.82,$4506.97,1,0
1,2,5,1,3,46f955a3-dca6-4f1d-9374-97e2ad2626ea,Male,50,$488504.95,$1585.53,0,0
1,2,2,1,3,ab434a30-67ac-49ae-9160-34e4778db74a,Male,63,$228490.46,$3471.25,0,0
3,1,4,1,3,f416315b-c2fa-4309-9e39-48f875508d8b,Male,73,$245310.49,$2744.93,1,1
2,4,3,2,4,60947cce-73cf-4254-883c-f8699c6d6245,Male,68,$274719.33,$3448.25,0,0
2,2,1,1,1,cffee3a2-2357-4184-a648-ebc81503a1e9,Male,68,$308725.48,$768.87,0,0
3,1,2,2,3,e34506f9-db3b-4175-a323-69eecd6a3806,Female,68,$79719.83,$5524.10,0,0
4,2,2,3,1,9016a2ab-9dba-483e-850f-40a7aa6596de,Female,90,$169303.15,$8899.88,1,0
3,3,4,3,4,1607f6d4-f1da-4719-8d51-ce64647c04b6,Female,51,$232777.88,$9829.63,0,0
1,3,2,1,1,99c48e20-11e0-4771-aa8f-115dc2fb73c0,Female,52,$231534.62,$2823.43,1,1
4,2,4,3,3,5d4bcf43-43a6-4946-a944-d39d2e31e3b8,Female,52,$412942.70,$919.57,0,1
1,1,3,1,1,618c9669-4b35-4fc6-88c2-80de68b0d5c6,Female,82,$428150.17,$593.11,1,1
2,2,1,1,4,4207587c-f466-4e88-ad9a-90751674a278,Female,22,$170078.16,$2357.90,1,0
3,5,2,1,3,284e736c-f78a-489f-be26-09c935a6798c,Male,22,$162614.52,$5887.99,1,0
3,2,2,1,3,bb42de2b-8a0a-4262-b727-b9ae2cb01abe,Female,86,$438732.05,$5461.07,0,1
3,3,1,3,1,bd00bebc-62df-4984-8ef1-c0afb158cc24,Male,60,$251858.33,$8930.01,1,1
2,2,1,3,3,e3f85e77-c802-46d5-a162-16905bd5f7d4,Male,58,$43276.48,$6874.10,1,1
2,2,5,3,4,4a887eac-09ec-4825-8c85-87f256668093,Female,21,$478896.77,$9622.54,0,1
3,1,4,3,4,af86b6af-467e-4198-a169-88e475541327,Male,60,$252420.07,$9298.92,1,0
3,1,3,2,2,094b4d5c-0110-4d09-a72e-906fc082b800,Female,66,$18121.71,$7274.23,1,0
3,2,3,1,3,fe76373c-4a35-4588-926a-820978c35133,Female,90,$51787.34,$1402.03,1,0
3,1,4,1,2,e6ba9228-0320-4437-b283-7d31276b289b,Male,78,$84550.24,$695.22,1,0
2,2,3,2,1,44b7f6ca-3553-4a34-8b07-a077ffde104e,Female,82,$117609.78,$4450.29,0,1
1,1,1,2,4,fe5b0379-e8dd-49ff-b1e4-6f6074c04fe3,Male,32,$99126.73,$2557.62,0,1
4,4,5,3,2,6345a64e-74ad-4eb7-8456-d9187f127077,Female,71,$185110.62,$9930.76,1,0
1,3,4,2,4,27934104-b4e5-4821-8c80-67357bdfc593,Female,37,$242209.45,$6907.77,1,0
4,3,1,2,4,834451e3-015c-4609-a2fb-1167a82a3063,Male,87,$451423.20,$6144.01,1,0
2,3,2,2,4,d5520493-e37b-4459-bed8-cbd918c163b5,Male,56,$474175.60,$6729.32,0,1
3,1,3,3,4,9fe53092-a34d-4b60-8c96-52aed3577a8e,Female,28,$397578.68,$8391.90,1,0
1,4,5,2,2,43d8018f-b89c-4fab-9ac9-63676edd8a26,Male,27,$444829.90,$5724.88,1,1
1,4,4,3,2,d362de4e-2356-4d3d-b7a2-7e83b83e6e10,Female,82,$210061.22,$1960.85,1,1
2,1,3,2,4,8523faa8-c620-40e3-8289-d91a452da29a,Male,67,$482561.51,$8383.92,0,1
3,4,3,2,4,ff4c6903-7441-4f52-b111-bb0cf26c42fd,Male,71,$367332.78,$1695.97,1,1
2,3,5,1,1,e9d2f172-b677-4f9a-bf94-4f1e11b1dac0,Female,78,$461095.26,$562.16,1,0
4,4,5,1,4,244c8018-4e61-4f03-9266-afa157d2fa46,Male,63,$199853.19,$1327.39,1,0
3,4,4,3,1,d0d258ab-47a7-4665-9bf0-d84bec85762d,Female,81,$259339.29,$7997.87,1,0
3,5,2,1,3,bb70aac4-3984-4d7a-9514-d8496f0259d0,Male,84,$265777.77,$7830.08,0,0
4,2,5,1,4,7f3d1e1b-487d-4b2b-87de-6e9c1a43348d,Female,59,$465129.17,$5051.03,0,0
3,1,2,2,4,59831d36-a790-4140-9375-575f6218d729,Female,62,$421940.49,$6584.69,0,0
2,5,2,2,3,2264d17b-3d12-497a-bb2e-970fef3d1b6a,Male,81,$124025.66,$6198.35,1,1
3,3,3,1,2,3f8ee88f-62ed-4835-8fcc-2d5bd8253745,Female,82,$377709.47,$3037.13,1,1
3,1,4,2,4,b81bf3e9-a7e9-47e5-b467-367a50f21eb6,Female,74,$427896.95,$8938.08,0,0
3,4,2,1,4,a06ffaef-12b6-43bd-ad91-bd7b8f2f4ca7,Female,78,$13190.09,$9173.58,0,0
2,4,1,1,1,056b71e6-85df-41c1-a806-3cb16969c880,Male,78,$275741.78,$6907.35,0,1
3,2,2,2,2,47d04e93-286e-41e8-a39c-310366c30af1,Male,25,$25758.58,$122.69,1,0
3,3,4,3,3,d395a911-421e-4cbc-b01d-d6a31dee7306,Male,69,$229117.54,$6403.82,0,1
3,3,5,1,4,d665918f-671d-4a3d-940e-3a0689832c2e,Female,70,$261283.54,$1025.29,1,0
1,1,5,2,3,fd354841-31e9-4c08-bee7-a0ec3e5d74cf,Male,61,$310726.36,$1586.90,0,0
4,1,3,1,4,b82cfc85-a3ef-4817-b4da-740c78ff0f07,Female,60,$392078.74,$837.33,0,1
4,3,4,1,3,070735f8-9159-4eb7-9825-55115d80b0a3,Male,72,$108984.05,$2993.53,0,1
1,3,5,2,2,021c1cf7-133a-4473-a569-d0a29fb09c8b,Female,81,$235521.18,$6908.11,1,0
2,2,1,3,1,4eea40aa-5dce-4c03-a68d-06773b537a22,Male,58,$383667.50,$6079.74,0,1
4,5,1,2,3,0fdbe4bd-0615-43fd-ba0f-ad10b9f1f723,Male,68,$436675.48,$9958.29,0,0
1,4,5,3,2,4c29c1e2-dc53-4704-9752-373b898373c8,Male,41,$414031.81,$8695.29,1,1
2,4,4,3,2,0ec9652b-8dc8-43ea-a958-c97528f54aaa,Male,48,$491667.93,$3148.22,1,1
1,3,3,1,4,5d0204f3-f37e-40b9-86e5-3a7d72b4735b,Female,44,$193421.64,$8943.01,0,1
4,1,1,2,2,9dc0a7a2-2f89-4374-a5eb-76bae7a87834,Male,33,$170644.63,$9932.84,0,1
2,3,5,1,3,6b0fc750-66d5-4295-a8ff-24b4da98d43c,Male,26,$197833.02,$124.01,1,1
4,3,1,3,2,f4dc0bb5-3d36-409c-bb3c-c811b2a5f5ab,Male,69,$492919.08,$8773.49,0,1
1,3,2,3,3,8bc8ed9f-56a9-4aec-964c-4d955115d416,Female,56,$242255.85,$2509.41,1,1
3,4,4,1,3,b896f425-e7b6-4b95-b7e4-17e1eafb5a5b,Female,65,$280029.10,$9763.79,0,1
2,2,1,3,1,eb3b8bb8-699d-4c36-b389-0da29e863da1,Male,48,$265182.00,$3186.49,1,0
4,2,5,1,1,166ea828-1de5-44e1-a32d-f8a896deb9b5,Female,85,$350767.01,$4635.89,0,0
4,3,3,2,3,dc94ce7d-fac4-46b5-b7f3-390b33ae6a1b,Male,57,$409539.99,$8516.66,0,1
3,5,5,2,4,f725d713-e7ff-4ccb-9b82-7faed9a65f52,Female,80,$266214.58,$2672.07,0,0
4,3,2,3,4,7d16e68d-65d6-4178-be89-4cd02e173dc1,Female,76,$200165.05,$5091.97,0,0
1,1,2,2,2,deb49a87-ebfa-4a09-9b48-72a54298e4ef,Female,67,$405010.23,$6926.50,0,0
4,5,1,2,1,c3053143-1d7e-4d86-8540-895bb9e5c128,Male,21,$453616.36,$4110.57,0,0
4,5,1,1,3,ff714794-a24c-4576-a82b-a83a2293757e,Female,84,$61695.20,$3356.86,0,0
3,3,1,3,4,5813cc59-177d-4c76-b528-54e6308e61fa,Male,23,$201349.50,$3317.50,0,1
1,2,4,3,2,f5136979-cde6-4ff0-aa8d-96c6a85425a5,Male,40,$165127.25,$8177.32,1,0
4,1,2,1,2,908851fa-e837-4933-8e63-02d5f530ef55,Male,85,$173346.38,$2629.48,0,1
4,2,2,3,2,10b50f75-7a27-40e3-b6ae-83db54639fd5,Female,28,$420609.35,$8508.69,0,0
3,1,4,3,4,69cbf7f2-3788-4aff-9bab-1b9cb30c7bb7,Female,50,$363685.18,$1239.60,0,0
2,4,4,1,3,1af7c644-917f-4c90-8df7-297f37a7391e,Male,71,$244368.73,$7844.38,0,0
4,5,1,1,1,9b864c20-147e-4f2c-94f9-8ce4631d3c6b,Male,39,$333029.18,$2273.28,1,0
4,4,5,2,1,0f541a1a-6419-4226-9752-01e751b82e94,Female,47,$11642.86,$241.76,0,1
3,1,2,1,1,b362577f-4f5f-42c3-8760-905b09912e7d,Female,37,$314161.77,$9961.47,0,0
1,3,5,2,2,2f6d38d9-6f76-4cef-8554-6eeb4e602cb4,Male,89,$360060.88,$3984.18,1,1
4,3,2,1,3,50014234-1d3f-4d5a-bf8b-3022aa74a268,Female,55,$106644.13,$5967.85,0,1
4,1,5,3,3,8a7dec60-c790-4f9a-b66d-fbcb6c27ac90,Female,42,$393369.30,$4889.28,1,1
2,1,5,3,3,3f7f6308-718e-4eb4-b136-6e76ea06292e,Female,65,$290865.08,$5121.31,0,0
4,5,4,3,4,8eeadf62-51e2-4af9-939c-3c13ceed03cb,Male,38,$378576.16,$4593.19,0,0
4,2,5,1,1,5332d04b-5b0f-4587-b1c1-fab95db748c4,Male,73,$362509.54,$4411.29,1,1
2,3,4,3,2,9c52e5ed-d084-48a6-858e-b47c48581c02,Male,48,$255579.56,$1459.94,0,0
1,2,3,1,3,4ad8d6d2-54d8-447f-84b4-daaa803bdeb6,Male,20,$31331.66,$1502.86,0,0
1,2,3,2,1,ac0dfe19-8b00-4d01-9143-9ee872120576,Male,55,$285970.99,$188.07,0,0
4,5,1,1,2,9051b243-c337-4629-8567-fd91e9629ef1,Male,39,$161019.26,$8862.64,1,1
4,5,1,3,4,6ac5cb1a-b770-4601-88aa-4f409ad3e042,Male,48,$87250.97,$9479.43,0,0
3,4,3,3,3,d57f5790-ae86-4abe-9179-995933790119,Female,23,$316466.69,$1930.29,0,0
2,1,5,1,2,a93d2d5c-8a4d-40e9-9526-72a92e043ad8,Female,63,$261393.27,$2333.77,1,1
3,4,4,2,1,3106dade-d769-468d-85cf-45e1bbaf9520,Male,88,$139464.28,$5190.84,1,1
3,3,2,1,1,2f9d4027-d000-4d5a-a7b3-6ad98b3ab572,Female,87,$143842.11,$7099.39,0,0
1,2,3,1,3,b7133267-d881-4ac1-a8e7-329eb29df4da,Female,23,$370623.47,$9232.87,0,0
1,3,3,3,4,4500b1cd-cfa8-4e77-832b-3f49591818de,Female,60,$228343.58,$4224.48,0,0
1,4,5,1,4,1404c937-55ed-4805-9839-b5f40481415f,Female,46,$372293.82,$2646.33,1,0
1,5,5,3,2,03b25073-8655-497b-a0f6-b700eae95bf7,Female,49,$164546.69,$1860.35,0,0
2,1,1,2,2,5ae5be84-0768-429d-a034-cd84cf2079f3,Male,20,$243273.41,$890.78,0,1
1,3,3,1,4,820a3241-2192-4216-974a-9726cf477231,Female,75,$212329.14,$6976.98,0,0
4,4,5,2,4,f4557e8d-8dd9-4587-9b45-bd605b2d755f,Female,70,$13408.50,$6634.94,0,1
2,4,3,1,2,759fbc72-50fa-4cab-9a32-d75870c13321,Female,77,$54369.29,$8501.46,1,1
2,1,3,2,4,ae08981b-120c-4d80-a0f9-9b23ad101b41,Male,84,$145582.50,$5023.34,0,0
3,2,2,1,4,201d9bd0-ee0f-4eca-8d04-40a37a381aa7,Female,47,$357382.09,$5670.36,1,0
1,3,1,3,2,c93bc4bf-7c25-4b66-b066-c6d37311ad52,Male,75,$392538.78,$5528.12,1,1
3,3,1,1,3,07109904-cd09-45b3-8ef8-2c60f505238b,Female,48,$153233.49,$6621.20,1,0
1,2,3,3,2,a16d5352-fc0c-4b18-9b0d-e734f1753832,Male,21,$426065.96,$5937.22,1,0
3,5,4,2,1,8ed71ca8-a49e-444f-aa2d-b2c3e36d87eb,Female,42,$180741.02,$9243.85,0,0
4,2,4,3,4,9811b3e1-717e-4651-bee2-84555cad624d,Female,36,$491915.91,$648.76,1,0
2,1,3,3,1,4161e901-45a8-42bf-b633-7b9d3cd57791,Male,77,$138344.73,$6477.21,0,0
3,4,2,3,3,31a16e6c-da87-4e62-b110-561a27d5b65d,Male,78,$498739.99,$475.43,0,0
1,5,1,3,4,1bfc25f6-935b-436b-b0cd-99d0f084a866,Female,89,$312977.95,$7762.38,0,1
3,3,4,1,2,6bb97cd9-9b07-4981-8bf3-b6237cdea601,Male,56,$459997.95,$4406.97,0,1
1,2,3,3,2,94815112-27d1-485c-bf2d-038cdb9097c1,Female,55,$205710.80,$2943.03,0,0
3,4,5,3,4,c053885e-3803-414e-b218-dea065e9bfc9,Male,69,$475625.68,$9063.77,0,1
1,1,2,1,2,265e3e9a-38db-4964-8d60-e1dfe67f5530,Male,39,$313982.71,$9243.00,1,0
4,1,5,2,1,292fe46d-35cc-4da9-9047-097b010c25b8,Female,74,$461669.27,$3578.14,1,0
2,2,4,1,2,749462c8-405d-4167-b242-bd7e6b54e245,Female,78,$221738.35,$4944.51,0,1
2,1,2,1,4,9bb6c0b2-7264-4a65-95c0-ce64f00d1f6b,Female,22,$293330.54,$3339.83,0,0
1,3,4,2,1,cc26acba-982a-4b78-8930-d149c56843aa,Female,48,$185287.97,$7527.07,0,1
2,4,1,1,3,6a1c1912-c410-4916-baaa-1ab10561e52b,Female,60,$247504.99,$1971.14,1,0
4,4,2,1,1,9f2bbf56-d3e1-4f64-bdc6-5ba7f3cdc904,Male,60,$80193.52,$7711.50,1,1
3,4,2,3,3,3d95face-af3c-46ad-92af-4d89a2b4bf9d,Male,74,$218191.42,$7119.17,1,0
1,2,5,3,1,8f5df39a-baa5-4572-9604-a140d7189e6d,Female,32,$128947.64,$9734.92,1,1
2,2,2,1,3,a49e6904-51d4-48fd-8d4b-1f1e16edd847,Female,90,$326361.44,$1022.53,1,0
4,3,2,1,1,8cd9dfd1-2136-4521-87ba-5ff18f420913,Female,34,$19942.80,$5355.06,0,0
1,1,4,3,3,17307721-aa37-4b0c-a0bd-cc7c19114d99,Male,59,$357943.65,$7905.53,0,0
1,3,4,2,1,750454d3-7817-40f1-8625-c77599f65e0f,Female,73,$460562.55,$200.75,1,0
1,5,1,3,2,6d72fed2-7b40-439e-9bd6-69e7262f09ab,Female,63,$358881.76,$3360.11,0,0
1,1,1,3,3,d962d4e5-4e3a-4cd6-9285-43b68a2ebb23,Female,36,$61574.83,$3733.24,0,1
1,5,3,1,2,9d00a63a-6901-4c19-8cc6-9a05755af511,Female,24,$426362.39,$8017.20,1,1
4,2,2,2,1,c26888b3-0bdf-44f8-8c1f-23074a73ded2,Female,68,$403684.01,$3672.18,1,0
4,2,1,1,1,f50e8e36-7593-4e35-abc2-b0613f52de3f,Female,20,$414123.59,$351.88,1,1
1,5,2,1,1,35dcb7b0-e71b-469a-9d0f-fc3e288c1996,Female,54,$253068.77,$7840.70,1,0
1,4,4,1,1,86703a21-9a62-4cd8-8e2c-b147184c7ce0,Female,78,$346584.20,$6827.14,0,1
2,4,1,3,1,fee4c0d3-1e18-4679-9ce9-f1116023b10e,Female,29,$374727.19,$5228.30,1,0
3,3,5,1,3,3082065f-5291-4e9d-9002-4a557ff2812e,Female,26,$62532.35,$2570.09,1,1
4,4,2,2,2,57d31039-3322-4f8a-b944-2eb0ea31305a,Male,70,$191334.64,$57.94,0,1
2,5,1,1,3,decd31c4-ac63-405f-9d82-d3a02b885e58,Male,66,$173064.54,$9628.56,0,1
2,3,1,3,4,35b3278e-11e6-4fe8-883f-5957df70c938,Male,33,$7575.36,$9854.48,1,0
4,3,3,1,3,1b92e4ce-586a-4bae-90fe-1e2d16a0486b,Male,38,$257692.64,$8312.74,0,1
1,1,3,3,3,236cafe8-7e17-4c9c-9bba-84f26745ea81,Male,79,$25234.98,$3407.35,1,1
1,2,3,2,3,b1ecd574-7de3-4bb4-92f2-6d925dcef06f,Female,57,$326110.01,$7588.23,1,1
3,2,2,3,2,ca5301f9-9cec-46f2-97ef-0e29afe17af9,Male,62,$249042.05,$2155.07,0,1
3,1,3,1,3,67d066ee-39c5-434c-bde5-7033cb5f5f1a,Male,90,$420469.40,$7816.31,1,1
3,4,4,2,4,1afdd081-746d-41dc-9995-2ed9687f48ca,Female,72,$287150.16,$5407.00,0,1
2,5,2,1,4,18dafc78-3514-4efa-8d97-8c58d3eabadb,Male,66,$457526.19,$4108.22,0,0
2,4,4,1,4,71f618c0-1d09-4d73-b94b-817a2bd0895d,Male,55,$66471.34,$7520.03,1,0
2,2,2,1,2,3cf3a7d9-f089-4f24-992d-8ee259d1e953,Female,65,$405330.02,$1284.57,1,0
3,5,5,1,3,7923bb7e-d1a2-4a67-8f1c-7ce43f30c3ed,Male,39,$143070.61,$4554.22,1,1
2,4,5,3,3,ec564edd-3695-4d7b-9320-603bef632810,Female,26,$326509.12,$4117.59,1,1
4,4,1,2,3,c1315de9-6c37-426a-9bf3-af780e15116f,Male,29,$477291.53,$8019.94,1,1
1,1,5,1,4,a38a7448-0970-4441-a392-4d9dd613ab33,Female,22,$2857.45,$5950.06,1,1
4,4,4,3,2,5b462079-8bbb-4f59-9931-e687b4200687,Male,76,$44954.61,$8916.56,0,1
3,4,5,3,2,48386ade-984e-4a4d-9a9a-aea35a0c8e40,Female,54,$301527.60,$3115.72,0,1
3,2,1,2,1,43b53f75-6b6d-4e06-b782-962773dc7eaf,Male,38,$480972.25,$8378.74,0,1
4,3,3,2,2,d70ea2cc-9dd0-4049-b585-84e79638aa3f,Male,33,$468641.04,$5894.48,0,0
3,4,3,2,1,0434b2dc-0a98-4752-818b-db7381ccadd6,Female,64,$479849.95,$7053.71,0,0
2,5,2,2,4,71bda5d9-1f87-4d52-9a49-a618514fbb3c,Female,82,$55914.23,$1620.91,0,1
4,5,3,1,4,9419afc8-554d-43ad-9906-d00487f60d82,Female,64,$405975.57,$9765.88,0,1
3,4,1,1,2,84d71712-7796-4087-ad44-a3f8b409a212,Male,48,$151142.59,$8620.57,1,0
1,1,5,3,4,5fe5ac97-4f6e-4c8e-a0a9-483b8b215d21,Female,28,$276024.65,$4195.57,0,0
4,2,3,2,1,7812c610-cd34-4051-8e79-0e612f4cc7f2,Male,39,$169405.45,$2395.28,1,0
1,3,2,1,1,a746a704-1d51-4794-b9e6-48893e08e8c2,Male,51,$22679.28,$15.68,1,1
1,2,3,3,4,8e8eb351-c61b-469d-90b4-2c483cd992ac,Male,88,$396134.23,$671.18,0,0
2,4,1,3,3,40f7fbbf-2fe4-4e24-9be8-51afd723906f,Female,30,$416966.03,$4380.50,0,1
2,1,2,1,1,630c55a7-3cd7-49c8-ad8e-9c52a43cf5e7,Male,43,$143642.96,$2636.07,1,0
4,1,4,1,1,5943166a-8c23-4d66-844a-00a4bc817683,Male,87,$205049.14,$3778.11,0,1
4,1,4,1,3,8421de99-2c12-4371-8eb9-da68bc75b79c,Female,32,$270787.65,$418.28,1,1
3,2,3,1,3,6c31d2e1-b44a-435f-8428-7d1b493c9834,Male,88,$282305.87,$1154.14,0,0
3,1,3,2,2,c0e974ab-5561-4ad0-9683-0baf8d181a3a,Male,50,$443358.79,$3095.69,1,0
3,5,5,3,4,ac891f82-c88b-482f-9924-e9713e7c7f75,Male,24,$121080.85,$9761.60,1,0
3,3,3,1,4,cfd48855-36be-4ce2-9cc7-5266b3ad2eae,Female,42,$78495.90,$3086.66,1,0
1,5,5,3,3,d718374e-446d-44e7-aa8c-29e789c7cd83,Female,34,$277791.56,$732.98,1,1
2,1,4,1,3,78b81a8e-c069-49fd-a2b8-c5f851c8b65d,Female,42,$345135.81,$4978.03,0,1
2,5,1,3,3,04fb1c17-0132-4ea6-a4f9-d3b0e5a39b55,Female,39,$45159.90,$6487.04,1,0
3,1,3,2,1,c9b93303-bdda-4dda-8a1d-f4dc1885f0dd,Male,52,$194157.55,$7258.63,0,1
4,4,5,3,1,cf83d98b-0f98-4743-aeda-526e85282c49,Female,41,$226741.94,$7601.04,1,1
1,1,1,3,3,4cccafd9-b30e-44dd-9f84-aeb772189118,Female,77,$378010.84,$2701.46,1,0
1,4,2,1,1,9d4511ce-c9a8-4e3f-9463-c5110f0caa1b,Male,68,$160738.33,$3316.68,1,0
4,4,3,2,4,cf33c54f-979c-438f-96b8-fb5a6f736c24,Male,79,$255799.94,$7364.32,0,1
2,3,3,1,2,f1e16554-adeb-4a4d-b6ee-a0ff7523ada4,Male,79,$260333.87,$6637.09,1,1
4,2,1,1,2,3e2bfdae-e46a-4d48-ab69-47f66bd347ad,Male,79,$353344.36,$7734.20,1,1
3,4,4,2,1,d4f9f7eb-163f-49e6-a563-c6362e440f4f,Female,57,$336133.38,$9051.46,1,1
3,5,2,2,3,af0afb85-2be4-4110-a324-2ad86d3ac705,Female,61,$113471.41,$3341.45,1,0
2,2,3,1,4,6d207b66-83b2-4c71-bdc0-5f97ff55716e,Male,51,$450226.47,$415.62,0,0
2,2,5,3,4,e4854765-6738-4f2e-b572-0e499b02c527,Female,39,$104289.91,$5718.10,0,1
1,4,5,3,1,32d952a3-7a06-4a60-9d26-b644c716277a,Female,71,$270534.34,$7016.10,0,0
3,2,2,1,4,1062a894-d6ea-4dd4-89f7-f94a1c204327,Female,29,$357073.93,$4801.15,1,1
3,4,5,1,1,6f5e37fe-e089-40df-ad72-b9f0ff7f2861,Male,62,$353216.17,$6196.13,0,1
3,3,5,2,1,fc696dcf-6948-4339-a81b-7cde078a0911,Male,63,$234479.80,$4041.04,0,1
2,2,4,1,2,7928c3cc-96ba-4804-884e-be84e2478361,Male,51,$301802.43,$5947.73,0,1
3,4,3,3,3,39f8b65a-6b98-491c-8835-b57f239b34d2,Male,69,$71143.11,$5326.77,1,0
4,3,3,2,2,4e8274cb-517b-477e-b961-5cf63a0d973e,Male,82,$330397.50,$6969.09,0,1
2,5,2,3,4,495c6031-cfb8-4756-bea5-e196b7faacd0,Male,80,$271541.81,$9369.65,1,0
4,2,5,1,3,ccb8a2f6-ee75-406d-83b4-a52cd96cae8b,Female,65,$173855.13,$737.93,0,1
3,3,4,1,2,400fa3b4-3275-482a-9ea6-ecde8584b383,Female,76,$499248.25,$3743.39,0,1
2,5,3,3,4,2dce7bdb-1254-482e-9a74-892a444b888b,Male,77,$485272.23,$4135.61,1,1
1,2,1,3,4,03cda155-d1c4-4df5-a6d8-2a6ba8ce2658,Male,26,$362676.39,$308.84,1,0
2,2,2,2,1,fc740c17-0c0b-4168-a896-0b3adcd3e472,Male,55,$114868.85,$9002.56,0,0
3,5,3,3,4,2e867dcd-254d-42a0-b0d1-878efd73c254,Male,33,$296224.75,$2162.61,0,0
1,3,2,2,2,c198b268-4604-4a69-8118-fe7d1086c832,Male,58,$474999.11,$8550.81,1,1
2,2,5,2,4,a9123879-990d-4ce1-b541-6628d4247c03,Female,55,$487836.28,$3307.99,0,0
4,1,5,3,3,1a7b762e-671b-48c9-ba00-885f524616ad,Female,56,$252670.32,$4141.29,0,0
4,4,4,3,3,7d26c005-6c5f-4792-abcf-f9e1728c2c9d,Male,42,$242477.89,$3127.30,0,1
3,4,5,2,1,afcb6c76-7738-44e3-b224-1e9a00f057dc,Female,36,$25939.42,$4713.48,1,0
4,1,5,1,1,d25bd865-fee6-43aa-903d-39faee0c54f3,Female,40,$268327.86,$9660.74,1,1
4,4,5,3,2,41b6dcff-35b6-4aba-ad19-4bce3c6bce5d,Female,30,$71680.88,$7915.24,1,0
3,3,3,1,3,897a7dcc-8036-46c3-9370-d906a66533ab,Female,33,$68208.01,$2529.62,1,0
3,4,4,2,4,2f33d985-b4ed-4aba-adf1-33b7b530363b,Male,68,$145738.14,$2681.12,0,1
1,5,4,3,4,e3c3b940-9f9c-4e05-9c7d-75092c4b1c86,Male,84,$345796.88,$6158.32,1,1
4,4,1,2,2,9fef4f4b-1bb0-459d-9585-747baf0d684e,Female,84,$475648.77,$9724.37,1,1
4,2,3,2,2,9bbb2a4b-3904-4b7b-8217-2187a91793da,Female,76,$216897.51,$1259.27,0,0
2,4,3,2,1,90a280ff-5c25-487b-90ad-7ca2535c0395,Female,82,$51818.30,$8065.85,1,1
2,2,4,2,1,31c86351-97c1-4271-bf9f-47fc167fcd80,Male,67,$24422.55,$766.26,0,1
1,4,2,1,3,4ed366d5-c21d-47ec-a658-4f0ddb866bdb,Male,63,$347153.91,$9276.14,1,0
4,2,3,1,2,2a545bfa-4b52-45f8-a74e-b9cac241722b,Male,57,$269742.01,$5938.97,0,1
1,3,3,1,1,293b97fa-90a6-4817-8aa4-6a7ac5e5037e,Female,87,$276947.52,$5780.73,0,1
1,4,2,2,2,574c02de-3006-49df-b5cb-386cccfe7cf2,Male,73,$490392.68,$7835.11,0,1
3,4,1,3,4,738862c1-8fd2-4e89-a7e7-3bf967e17227,Female,65,$203942.24,$1952.58,0,0
3,3,3,1,3,6079492a-cd91-4a7c-aad3-02ce8603b4e8,Male,25,$473075.26,$7365.91,0,0
4,2,2,2,1,3e3d4242-6d8f-4bee-834f-e52c6754b346,Male,58,$18732.71,$5040.74,0,1
2,3,2,3,3,5f980cec-ad5c-44f5-9d08-d7bd5a73ee29,Female,82,$419606.08,$6137.22,0,0
2,2,4,3,1,2ce2e905-df3a-4f84-b075-b3eeedde6966,Male,64,$105992.55,$4146.28,0,0
2,5,1,1,3,6a30e50e-24de-439b-b31a-7bf073e8611e,Female,25,$270591.14,$6247.04,1,1
4,3,1,3,4,60f8c44a-2c42-428a-8233-630837e600fd,Male,26,$384535.37,$2628.08,1,1
4,5,1,2,3,1f91ed3c-d6f0-48c1-9d2c-ec8ed2a46d34,Male,37,$388383.81,$587.01,1,0
2,1,5,3,4,d8fdee61-657f-484c-baeb-d00ea523dd65,Female,89,$174740.28,$9520.80,0,1
2,1,5,1,3,5469af00-6b28-48b4-9b8b-099bd32399cf,Male,39,$108371.35,$5907.30,1,1
3,1,1,3,3,3a5e7fe4-af15-4df9-8e92-b153db2b94c3,Male,34,$364623.01,$4518.84,0,1
1,4,4,1,4,12a0cdd1-bcf4-411f-a123-a2b95115ed3d,Female,70,$462588.58,$9265.31,1,1
4,1,5,2,2,3ee57bb1-85da-4948-9883-7f3a2bbbd4aa,Female,74,$453403.25,$430.88,0,0
3,1,2,1,3,17e081f2-d1fe-4a2d-b47b-7b6554da4515,Female,72,$318459.92,$9905.92,0,1
4,4,4,1,3,3db25817-e603-490b-9e2d-57a74cc7b573,Male,50,$120792.04,$414.62,0,0
2,5,1,3,1,4eec4e80-71f6-4676-8ea7-1b31f5b0e362,Male,27,$222789.07,$8797.05,1,1
2,3,5,3,2,3ea933df-ca0e-4e93-bf4e-e44ae5e0384e,Female,43,$416168.10,$346.18,1,1
3,2,1,1,2,8b882ee8-da8b-4e4f-9221-80a10f4a4ab4,Male,56,$229670.49,$9011.02,1,0
2,5,5,1,4,59fc7c6d-31ee-4bc6-b759-b31bd8382b04,Male,81,$105140.66,$7466.02,0,0
1,3,5,3,2,ae5c26fc-aa73-4fb2-a767-b892ba491252,Male,50,$86313.38,$8359.34,1,1
2,4,2,1,3,f245727a-1b85-4fb8-8d92-c1825bceccf1,Male,62,$439700.69,$5144.22,0,0
2,4,5,3,2,4175d93f-8180-4583-b75b-ba3113681646,Female,24,$414639.57,$1206.54,1,0
4,2,3,1,4,f3feaade-591c-4afd-a17d-b59e738b9b3e,Female,43,$361691.78,$4137.86,0,0
1,1,3,2,3,0385bc07-a3f9-4915-bf09-d01d8ea31771,Male,80,$387340.39,$750.52,1,0
4,2,2,1,2,f1cb661d-3e54-4a71-af92-83f51e9bdaf5,Female,50,$65558.80,$8069.04,0,0
4,4,2,1,2,58e3740e-ae99-4d88-957e-1976125b6152,Male,72,$363560.62,$2540.34,0,0
1,3,2,2,3,10f20601-7a2f-4cec-9857-bc833591e74e,Male,69,$195884.66,$1130.88,1,1
4,4,5,1,3,fb88899d-d92f-4b3e-9e96-f654e4851e36,Female,88,$210789.64,$9767.52,0,1
2,1,3,3,3,583f6b09-7643-48b0-b609-872149b6e9cb,Male,80,$397351.03,$1473.97,1,0
1,3,4,2,4,89ee79e8-c1f7-4bc7-ba6f-38cac6a5b7c7,Male,37,$75871.81,$4103.74,1,0
4,4,1,2,3,9b3bbeca-c7a4-4205-99e2-52edcd17fa8d,Female,49,$162067.20,$1866.20,0,0
2,4,2,2,3,2c152af2-83e1-4d12-bbef-608398ad4270,Male,90,$61513.10,$7080.76,0,1
1,4,3,2,4,c7fdb35e-22e8-4b14-aa97-d0728de84503,Male,22,$390763.04,$6528.18,0,0
3,2,5,3,2,fb6d9a7e-502b-419b-b1bc-6e4812129d3f,Male,29,$287013.22,$7299.78,0,1
3,3,1,3,3,27d8352f-d97a-46a4-ba92-c3eb9ed8c83a,Male,36,$118038.25,$4056.90,1,0
1,1,4,3,4,9bb21844-6ec7-4d94-846e-0a7a56122890,Male,48,$162891.08,$2231.57,0,1
3,3,4,1,1,7bb6076d-d9ba-4904-aca2-382a9a999c59,Female,76,$233973.64,$9177.28,0,0
4,2,1,2,3,7fce18eb-5e18-46df-ad98-b40f4e8d5934,Male,41,$138883.62,$2549.13,1,0
1,5,4,3,1,2dac78b9-dbab-421d-a4b5-45e1b40a0a41,Male,41,$32205.67,$6808.78,1,0
3,3,4,3,2,49640ccd-e9ae-4b8a-8aa1-4107f7905975,Male,78,$380817.64,$6881.77,0,0
3,1,2,1,4,e98408d8-877c-44c5-987d-6e82d6a6e28f,Male,36,$457474.48,$4895.40,1,1
1,3,1,2,4,a2b9c903-91a8-4bcd-a5be-ede20a373e40,Female,90,$433973.06,$7059.61,0,1
1,3,4,3,4,6aaa4124-8232-4bae-9176-eb3866891439,Male,76,$343408.53,$7052.55,0,1
2,4,1,1,4,3ddc1612-cae7-4d20-bed6-5dacd9c02547,Male,33,$426605.07,$3086.85,0,1
4,3,2,2,1,d6469442-a7ec-4e58-b163-dd1c3762c02a,Female,41,$326744.96,$7101.28,1,1
4,4,3,3,4,427b7c70-bf24-460e-b428-f61cf594e07a,Male,82,$71773.83,$7251.23,1,0
4,3,1,1,4,b191c09b-47e1-4e98-bca6-8a5f0fdb3a30,Male,60,$91123.13,$4624.37,0,0
1,2,5,1,2,1ff39472-a700-4d8b-b5ae-03c5c967fd66,Female,52,$106610.74,$2021.36,1,1
4,5,1,2,4,83289e32-5a5f-45b6-99ab-988e8920a69f,Male,61,$258920.95,$8064.65,1,1
2,2,1,2,4,a384501b-8970-415a-bfaf-987c505d1dd3,Male,51,$173008.30,$5961.74,0,0
2,5,3,1,3,4c9a54ca-3a0c-41af-8d00-a5f8f933c9e5,Male,80,$422985.17,$2476.53,0,1
3,5,3,2,3,f424045e-fdfe-46d3-b36f-568b9ae64079,Female,29,$29609.06,$4290.42,0,0
3,3,4,1,4,5548bdcf-da72-4773-966f-0f69c0a21d84,Female,37,$373755.50,$7450.98,0,0
3,2,1,1,4,60182bb8-8736-4813-bbfa-e8ca7ccabf31,Male,21,$195516.93,$9335.09,0,0
4,3,3,1,3,3697c3bc-a7f5-4d94-b661-58a7a8e975f4,Female,67,$246315.68,$74.42,1,1
3,5,5,3,4,331fc73b-ccde-46e7-a8ab-49c790e9969d,Female,66,$242271.44,$201.58,0,1
4,3,5,3,2,2c617c3c-deb4-41af-9d21-aacc93e47607,Female,55,$186199.42,$712.50,0,1
2,5,2,2,3,9ce7cf95-a825-458a-8f6d-d6582a755717,Male,69,$197947.94,$4036.37,1,1
4,3,4,2,4,a7991f10-cf7a-4b9d-bd73-6ee20adb0c43,Female,55,$137548.29,$1980.34,0,0
3,4,4,2,3,c60aa3fb-3105-49fd-8a35-41c3dab91e8f,Female,59,$161499.96,$1457.34,1,0
4,1,3,2,3,d1e09b9b-26b1-46c0-9784-a11cd7f85fba,Male,88,$456769.50,$5285.71,0,1
3,5,3,3,3,4aca4c1c-e2eb-41bc-8cd1-b82b217d4988,Male,70,$401626.57,$3161.70,0,0
3,5,3,1,2,95229e3b-b3fe-4eb0-adc8-811ad46a20c5,Male,25,$54995.23,$4600.88,1,1
1,1,2,1,4,62d656f4-9fe4-41e5-88d1-84196436eda5,Female,42,$86473.75,$4896.74,1,1
1,1,5,3,3,e84d1879-29f9-434c-b7e1-b239d4e90e05,Female,21,$178856.41,$7464.28,0,1
1,4,1,3,4,76ddf23d-f6b7-41c3-83e2-ebc4882a795d,Male,26,$382968.65,$8520.92,0,0
1,5,3,1,2,8161c672-d08b-4904-8c4a-d583b18cf228,Male,33,$479376.80,$4757.92,0,0
1,4,5,1,4,61c46eec-6ec8-4320-b91a-acdf7df04e9a,Female,41,$400293.73,$924.99,1,0
3,1,2,2,4,a7af1a9e-65ff-4351-85ef-3c4479a17eec,Male,72,$11839.32,$4202.12,0,0
2,5,1,1,1,c06ed9d8-649c-43dd-84db-87aba1dc7bdf,Male,59,$380977.55,$3597.46,0,1
3,4,5,1,1,265494a6-bdd1-4b28-83d8-1aec2dd18da2,Female,55,$303743.66,$2835.30,0,0
4,1,5,3,2,bbf8721c-5ec8-45ca-bcb8-4193bdeeeb78,Female,40,$104770.21,$125.13,0,0
4,2,4,2,3,cde1fbdc-a3e8-49a4-9110-f36139257fd1,Female,74,$397630.42,$4829.26,0,1
2,4,5,2,2,f4161bb8-bc8b-4d79-8ee3-65537212bd48,Female,24,$483327.64,$6977.43,1,1
1,5,5,1,1,b06db62d-f43c-4339-8e45-c40432a2a422,Male,46,$260266.29,$2579.56,0,1
3,3,5,3,4,2aebea71-fc03-4c4b-b822-b9f10afc04be,Male,53,$466168.50,$969.35,0,0
1,4,3,2,3,94f43015-da15-413b-87df-c6ccbdff99bb,Male,41,$418157.30,$882.38,1,1
4,1,5,1,3,b6cfff5a-2bca-4fe8-a960-33213d4fbff2,Male,58,$150331.33,$3367.21,0,1
4,5,1,1,4,cd356f32-42e1-490c-ae0d-2099a2406732,Female,50,$154418.33,$5228.58,0,1
3,2,1,3,1,e096399f-ed51-40f7-9ffa-d5d4e28e33c8,Female,77,$411563.30,$871.10,0,1
4,3,5,2,4,95b682af-265e-4e92-9dce-693084eb3962,Female,90,$384492.97,$3326.94,0,1
3,5,5,1,2,d1c7e5e3-613d-4ea3-962e-954f94b30dce,Male,49,$270387.58,$6019.30,0,0
3,3,5,3,1,24fc03da-8bcb-4c94-a9d5-c4427498d5f5,Male,60,$464095.34,$1356.56,1,1
1,2,3,1,2,ecd96552-ecc3-4820-a416-42e5b9ebe8b5,Female,90,$154578.40,$6196.21,1,0
3,1,2,1,3,2caa518a-6e00-4516-8b90-a494cee43ff9,Male,35,$424939.72,$2640.66,1,0
2,1,1,2,4,ff43b192-d2d8-4036-91b6-00de1220e7de,Male,61,$111709.89,$2938.73,0,1
1,4,2,2,3,70dfb2e7-5309-44ca-92a0-099e17c826a5,Female,73,$109970.42,$4389.67,1,0
3,1,1,2,1,28857a6c-a27a-4d77-b565-898d76e36def,Male,55,$272098.75,$7598.97,1,1
3,1,1,2,2,d6ae6f91-6eda-4c79-b84d-95ef6ecbc55c,Male,50,$145724.16,$5125.83,1,1
4,1,4,3,4,55f154a6-f868-4af3-9d79-c1ad44003b04,Male,20,$21154.19,$7177.31,1,0
4,1,1,2,3,38c8607f-570b-4a54-9ef4-8342340d0878,Male,25,$334251.41,$9360.85,0,1
4,1,2,3,1,ecde5b57-6086-433b-b218-69320f8e3e6b,Female,62,$292419.28,$4861.06,0,1
3,3,2,2,3,df689afd-420e-4026-9f4f-074705cfa776,Female,52,$413175.80,$6201.87,0,0
1,3,2,3,2,fdc2d91c-cc6c-4ac8-b3de-6535651d0ac3,Female,60,$340148.71,$6385.21,1,0
2,4,5,1,2,02e024a1-1570-48a2-b652-2289c4c389ea,Male,52,$63781.37,$8067.84,0,0
4,2,1,1,4,1f699562-088f-4997-8dd6-5cb1f230bca5,Male,28,$284412.47,$9262.59,1,1
4,1,1,1,1,8870d25c-3fb8-481c-9ddc-de8ab7694657,Male,21,$478471.87,$5190.31,0,1
4,5,4,3,2,b59f78fb-b6bd-4e99-af8b-80da680fee25,Male,23,$482685.42,$2478.14,0,0
4,1,5,3,1,eff5e2b7-20e1-4b77-ad75-d3725d2096a9,Female,22,$262982.57,$9123.23,0,0
4,5,1,1,1,d2914573-04f9-4a1e-a0fc-1e850917de41,Female,72,$384289.15,$1997.40,1,0
4,5,4,1,4,263a45ff-91a6-4ce2-bc78-9d0889dbf720,Female,28,$467557.22,$9183.32,0,0
1,1,1,1,3,be1f7e73-3797-4f5b-ba70-91f705e809a4,Male,35,$212249.18,$1804.10,1,0
2,5,1,3,4,a2e5fb66-c7f4-4c75-87ad-9f6724546985,Female,84,$199125.85,$6630.00,1,1
4,1,5,1,1,86ac5f92-1cc9-4a5a-877a-ee6b79ea2312,Female,67,$119380.78,$8474.24,1,0
1,3,3,2,3,8ff36118-33cb-4b94-a7c0-646b5dbbe485,Female,77,$117220.55,$7234.95,0,1
2,3,2,1,2,66e95f52-266e-48df-ae5d-bd679caeb0b6,Female,80,$175750.76,$9129.07,0,1
3,5,3,1,3,ffd2b4f9-4f9d-49ae-a43a-f1fb85becc14,Male,23,$262401.24,$9465.75,0,0
2,3,4,2,3,368f0b12-5bcf-4423-a5f5-7b4ca49d0da8,Female,53,$318414.44,$7055.01,0,0
3,1,1,2,3,ff45120f-f6ff-4d3a-9031-ae65c97b9cc7,Female,47,$196016.18,$9990.96,0,1
1,2,1,3,4,9eee3b99-3cb8-4605-b056-45061364b019,Male,37,$368806.66,$4990.80,1,0
2,1,3,2,2,08f1b1f2-fc04-4ab0-8890-6a318d198e80,Female,56,$359479.65,$9089.24,0,1
1,2,3,1,4,1324cc07-75ef-4da4-8856-675f80bd5fd1,Male,75,$265820.24,$5835.55,1,0
3,4,4,1,2,bbcfb5b2-04e6-49f7-b110-27efbc61ecd3,Male,90,$434482.11,$3374.49,0,0
1,3,4,3,1,4a6b997d-f10d-4290-b8f9-f7da7cb634ba,Male,21,$177430.85,$8330.73,1,1
3,3,2,3,3,7e91479f-f7b9-498d-abbd-be6d64aa4a74,Male,64,$223334.84,$3887.53,0,1
4,4,4,3,4,a8c7ec28-bc82-4d5e-ae66-14309f25fc64,Male,78,$300772.39,$2485.05,0,1
3,5,3,3,4,449f83a7-4f21-40c0-b5fd-ac343d6e4f78,Male,46,$392076.32,$9419.58,1,1
3,4,1,1,2,361c74f8-795f-42d2-925c-8d65e089377f,Female,27,$428550.63,$665.57,0,0
4,3,1,1,4,89ac479b-32ec-4dcd-9abc-04f7ae9787ef,Male,56,$67825.43,$1169.72,0,0
4,4,3,1,1,8c52097b-bb2b-4745-b94e-ad04d319a397,Male,48,$479893.03,$3955.62,1,0
1,2,1,3,3,d7a477f5-4c96-448b-bb83-c30142ad7433,Female,36,$177117.10,$4921.30,1,1
4,2,2,2,2,152de9d4-8565-433f-910e-d42d6dca9861,Female,70,$484018.08,$1414.31,0,1
4,3,2,3,4,9c93e53b-1014-4e42-85c1-2731d22083af,Male,79,$185569.36,$4991.57,0,1
1,3,1,1,2,ba270814-5f93-40f8-90b8-4df6a753a9d6,Female,47,$447041.05,$4182.79,1,0
3,3,2,3,3,b8fd9ac4-9420-413b-a521-c962d9744a77,Female,76,$347026.43,$4627.64,1,0
2,1,3,3,4,4087a613-0bfb-407d-8239-ba8e6db33ef2,Male,88,$26724.67,$7324.19,1,1
3,1,3,3,2,c5b21db6-cce0-442a-a328-62d80460dd65,Female,50,$357981.90,$2058.32,0,1
2,5,4,1,1,7386ad5e-bd4c-42d8-870a-aa7eb41e4b66,Male,86,$253376.91,$8220.37,1,0
4,3,1,3,4,b689e509-dffe-4e65-a049-28ccc238ead6,Male,33,$177346.57,$8935.37,0,0
4,4,1,2,1,b3d6e13f-81b8-41b5-b29a-7270e23b18f5,Male,54,$492384.55,$8103.88,1,0
4,1,1,3,4,c70711af-0e65-43e6-bbb2-94e536b00312,Male,41,$390625.02,$3184.32,0,1
2,4,4,2,3,258b658f-ff25-4c7c-a8c0-39792bc7ed58,Male,76,$15464.96,$9150.75,1,0
4,2,5,2,3,bfa86ff8-692f-4aac-995c-3921391e12a4,Female,58,$439153.91,$8563.45,0,1
4,3,3,2,3,ba36fe0a-367c-4a42-a2d1-cbfad87bcf11,Male,79,$409313.04,$9983.97,1,0
2,1,1,3,4,4f0fde74-f35b-411a-b8bf-7a836f003ce0,Female,79,$60895.45,$4099.23,0,1
2,5,1,2,2,7bc88e3d-6384-4a73-89ef-4f1c588a335b,Male,88,$497255.13,$6092.64,0,1
3,1,4,1,4,da5d00cc-b2aa-4361-9c5c-668e3645ff0c,Male,84,$466761.67,$6547.39,1,1
2,1,2,2,4,c231a126-de0a-4d21-a04b-60e91b1a8411,Male,86,$194849.26,$3906.40,0,1
1,2,5,3,3,a8174220-88bc-4902-9728-e9687d2e7e73,Male,63,$221143.02,$2384.30,1,1
2,1,2,1,2,4db5e5e6-a5b1-4ada-9cbb-9a15fa3b444d,Female,44,$90499.95,$527.30,1,0
3,1,5,1,1,d910d21a-2c45-4bc3-9650-33d164a9f33f,Female,38,$252659.65,$5573.78,0,0
1,3,2,2,1,fce7f000-91ec-4000-955d-f59e8f4f23c5,Female,86,$116434.47,$3697.18,1,0
4,3,3,3,3,96030340-c573-4d1b-b556-fe520898b65d,Female,83,$487803.60,$9638.37,1,1
2,1,1,3,1,bfe724fa-46ef-4d26-a9da-c32b559f3f91,Male,28,$39902.17,$3383.68,0,1
4,4,1,2,3,d22958a0-6407-4900-8f6a-0429ccd5d3cb,Male,62,$120932.95,$5860.90,0,0
2,3,1,2,1,dd03f02d-7576-453e-bc98-e2303a650811,Male,21,$331429.39,$7786.28,1,0
4,3,4,3,1,ced981ad-5faa-48de-849c-dae59e3e7c2b,Female,32,$398720.73,$6255.31,0,0
3,3,1,3,3,18e2dbfd-bf09-4def-a18f-5f163f8c74f1,Female,56,$445928.95,$3638.45,1,0
3,3,5,1,2,ab13cab3-9ed1-4040-b5bc-69daaa81e5ec,Female,53,$37950.86,$7393.48,0,0
3,3,1,1,1,030638e9-9071-4f2e-a6a6-abc1b9dc6e8d,Male,44,$97773.76,$9021.52,1,0
1,2,4,3,1,a9c9e6fb-7372-4b35-a0c2-0b4a20988243,Male,67,$499167.55,$5870.42,0,0
4,2,4,2,1,f2ddf637-e4ca-41b9-b9f7-928eb6ddadd0,Female,87,$151202.60,$1922.73,0,1
3,1,1,2,2,a1a1166a-a319-4b61-963e-5f2eb6aa757d,Female,40,$333573.53,$604.03,1,0
2,3,5,2,4,2783ccc1-28f1-417f-9b0b-328cbaa2dea7,Female,39,$333131.75,$2861.76,0,0
3,3,5,1,4,a1d940a2-1c91-4c0a-81f8-96add1614751,Male,67,$107540.28,$9177.01,1,0
3,4,5,1,2,a49186e0-7898-497b-89d1-deb95bc90203,Male,29,$152587.67,$8706.11,0,0
2,4,3,2,1,efc8dce2-7663-4817-8873-740b28c99e31,Male,55,$400965.51,$7407.66,0,0
4,2,2,3,3,dcd7e615-c982-42c7-93e6-adac1405cc1a,Female,77,$451875.91,$927.18,1,1
1,2,3,2,4,a1173f88-7b0f-4b1d-9244-8c98c6b78d11,Male,49,$226973.14,$2083.02,0,0
4,3,4,1,4,afb3f075-4769-4402-8bdc-f41252cb6ccd,Male,65,$11349.00,$8216.06,0,0
4,2,1,2,1,6554d3ba-7572-43fb-944b-23775f15d308,Female,71,$293887.64,$6151.22,1,1
4,3,4,3,3,dc041e69-ea60-4ed8-9de9-fee31dee9093,Male,45,$136946.67,$1859.45,1,0
4,1,4,3,4,ab579565-a103-4723-b306-30ba19259e12,Female,90,$280480.81,$1392.90,1,1
3,2,2,2,3,1c3da34a-9140-48a5-a9fb-d10287a915b5,Male,78,$210440.64,$6068.95,0,1
1,2,5,1,2,ba314d3a-489a-4994-9c6e-7895cf66e9c9,Male,71,$100177.25,$1520.33,0,0
4,2,1,1,1,6e861b30-54b1-48e0-8996-49da949e7392,Male,70,$329873.14,$1144.97,1,0
2,1,3,1,4,651e4f5e-978c-4263-8fdf-81869c2e472e,Female,59,$396217.08,$7590.41,0,1
4,4,3,2,4,e5f46543-53d8-4a87-9d77-50d5d4025781,Male,43,$372639.49,$7317.02,1,0
4,5,1,3,4,2b63ef56-cb43-414a-926e-4847c83eca7d,Female,27,$91561.14,$5460.35,0,1
1,4,5,2,2,35dc4807-79a8-4f1d-9bb4-7052f907d0b5,Male,35,$378699.27,$8432.55,1,0
3,1,2,2,2,835a8061-2ec7-4bf3-be7c-cbdde9b9cf67,Female,59,$91977.45,$1652.79,0,0
3,5,5,1,1,bfed9bd4-f9aa-4f21-b407-dfeac87828fa,Male,87,$450952.97,$8534.97,1,1
1,4,3,3,3,ddd3fdd2-7217-4b81-96e2-36d7c3f55585,Female,90,$343002.76,$140.59,1,1
4,5,2,2,3,ee6acccc-c912-4d5a-ade8-8219f03ec4a0,Male,59,$108649.33,$1225.01,1,1
1,2,1,2,1,c37a1404-8638-4441-8683-b830d13a2b14,Female,62,$113609.43,$8294.55,0,1
1,2,3,2,1,3c50564d-6b74-4c84-a082-e5f975793f1a,Male,62,$142812.26,$1885.53,1,0
1,5,4,3,4,0cd49a1d-6baf-4bb4-a0a3-a2921386e91f,Female,29,$254465.32,$5785.91,0,0
3,2,4,3,2,25ef037c-c0f3-4e54-bc8d-42f5c76a822a,Female,24,$286072.06,$4324.16,1,1
3,3,1,3,1,428c6366-7913-46bc-8e05-41a2640dfa60,Female,88,$487266.76,$7008.31,1,1
4,1,5,3,1,22417938-77ae-4ed7-aa85-03ebff37bf84,Male,33,$206684.57,$6750.35,0,1
1,3,5,2,4,07e2a19b-46f8-4d8b-809f-6ffb2adc7533,Female,82,$384931.33,$7048.18,1,0
1,1,5,1,1,efb9e88f-d01f-4567-b315-7a637c1423c3,Male,69,$96007.82,$2494.58,1,0
2,4,1,2,2,ec458b8b-7575-4ebb-ade2-0e39cd4c7b72,Male,27,$404281.83,$6200.75,0,1
2,3,2,1,2,d2f42ec1-b43e-4324-bc7d-ebdbbff3f847,Female,69,$167738.70,$6755.24,1,0
3,1,3,2,3,526fbfd0-bc97-4555-ab84-cb8043d3a251,Male,39,$131639.10,$1904.57,0,0
3,2,4,1,3,f01a6b61-aaa4-4a13-958f-663a6ff16c3a,Male,60,$247829.67,$7584.79,1,0
2,3,1,2,4,734080c9-bb15-48a9-9fa4-3587f48e9043,Female,23,$52920.66,$5791.82,1,0
2,5,4,1,1,0dbdb7c3-5ba3-49f0-ab31-7bb2c8f6bc7c,Female,33,$452831.78,$4506.46,1,0
1,5,4,1,2,2106729f-f3a5-401f-a4d5-ce7486c5f94e,Male,70,$457729.23,$6602.45,0,1
3,2,2,3,2,e916b3cd-00b1-495d-a9b9-8f9badbd338c,Female,45,$187403.07,$5149.62,1,1
4,1,1,1,4,cd556275-fd4d-483c-a564-f56be07f2663,Male,53,$355824.50,$6873.46,1,0
2,5,2,2,2,3e38d55c-51b1-4450-a932-fc2b8ecc5f09,Female,29,$229536.45,$8126.37,1,0
4,5,4,2,4,c21e65cd-5991-4a9c-932f-d0647ff62089,Male,24,$182325.09,$4365.14,1,1
1,1,2,1,2,455f3c96-d799-46e4-a1f1-073338d73f72,Male,61,$274382.72,$1625.68,0,1
2,2,1,2,4,d124cfb5-3047-485d-a123-96906bb64c67,Female,44,$24426.59,$3978.08,0,0
1,4,3,3,4,6d553c2c-dc80-4d3e-8cff-011b10a2b2ee,Male,55,$84438.03,$2265.44,0,0
1,1,3,1,4,6ab53ab7-edea-4d77-b3d6-73cd70165db3,Female,68,$482774.24,$1435.20,0,0
3,2,1,2,3,08e30e95-88e5-4a70-aa32-deb3ffc93420,Male,34,$365358.35,$4637.92,0,1
2,3,5,2,3,cb052a93-b4eb-4e49-917e-7c0c090cdb44,Female,57,$281648.14,$6856.51,1,0
4,1,4,1,3,e2146bb1-9fcb-40a8-890b-2c0329185249,Male,74,$33924.86,$4696.45,1,1
4,2,5,2,3,189581a1-48d5-42b7-b9d4-7a5447722c0c,Male,54,$221558.62,$9838.30,0,1
3,4,4,3,2,f48c3e38-de95-4953-b07e-d2a655cf3869,Male,85,$279495.09,$7383.95,1,1
3,3,5,1,1,51025a04-b0ed-469f-88b4-0d2c8e0018a8,Male,79,$81728.36,$5168.04,0,0
2,2,2,3,1,1419f8d0-bc01-46d0-9a4d-d467e8d30b9f,Male,73,$439818.71,$1244.49,0,0
3,3,1,3,3,1634da30-2b0d-4a30-bafb-d9208c2b4c6b,Female,87,$82251.79,$1090.99,0,0
1,3,5,3,4,2df8ff17-4f9a-4cf6-a544-497e283514dd,Male,58,$488394.99,$107.66,0,0
1,1,2,3,1,cc7e87db-1cd3-43c4-8024-e8f8b06fb178,Male,75,$42830.36,$9443.81,0,1
2,3,1,1,3,1de6ce2c-4b85-46f6-938f-6d445235fe9f,Male,66,$70665.60,$3710.68,1,1
4,5,4,1,3,0734786c-a29d-49a6-aa6d-5acf149859bf,Male,27,$310782.11,$9970.90,0,0
1,1,1,3,3,fe84575b-28c8-43fc-8676-3e216f229dbb,Female,50,$364640.55,$4921.61,1,1
2,1,2,2,4,406c57a4-5c47-4250-9228-d0f96bd361a7,Male,46,$103806.33,$8844.78,0,1
2,3,2,1,2,4a3e960e-69f6-407b-a407-a77c3d3acce7,Female,38,$279422.72,$8952.04,0,1
4,1,1,2,1,6475986e-7cba-41f8-b8e3-a5f8eca14e38,Male,31,$388418.26,$4575.45,0,1
1,5,3,2,3,1318b996-0687-40f4-9b97-5000ad98173b,Male,87,$338317.91,$7696.17,1,0
1,3,5,2,2,22cc680d-217c-4777-bca4-9a64d7fbb4ff,Female,38,$480110.76,$5831.52,1,0
4,3,5,3,3,946a83bc-1f6c-4541-8a25-295ba79c8c25,Female,62,$89741.18,$3267.66,0,0
2,3,5,1,3,fe15e477-13c6-4f7e-a81c-c3e3b14d382e,Male,52,$252838.14,$9354.07,1,1
2,4,5,1,2,c3200c8d-f60b-49e9-b0a0-5e9cfd2aa6c1,Female,27,$190260.05,$7053.81,1,1
2,1,2,2,3,77feeb22-a458-4418-afb2-bec9c9870617,Female,59,$351427.96,$6813.05,0,1
1,3,5,1,1,b02738a7-7cc2-45f1-a3c4-a3f9909e7460,Female,68,$129505.68,$8496.03,0,1
1,3,2,1,3,8699cd5d-00ce-4656-9597-184076b4f8a1,Male,40,$224537.05,$9590.97,1,0
3,4,5,2,2,4a244517-6957-443b-a06e-868f16647ab0,Male,70,$167299.04,$793.07,1,1
1,3,3,2,3,2c3c377d-5707-4764-8495-074b17087484,Male,84,$63510.21,$7805.83,1,0
2,5,2,1,1,a4730499-73d3-4367-804e-d2208a6bbc13,Male,31,$194126.60,$9741.41,1,0
3,3,5,3,1,f6a0ff4a-9e8d-4122-ad07-c8885623e104,Male,56,$286630.28,$9513.22,0,1
4,2,3,1,1,1f0d81f4-f709-485d-aa99-87a79cd1ed81,Male,20,$117355.65,$5156.47,1,0
1,1,1,2,1,18f41972-c435-4ad9-b744-1ac2d5988bc8,Female,69,$230033.88,$5452.03,0,1
1,1,5,2,1,76df05db-b69f-4412-93db-8365a09899e9,Female,60,$99290.19,$3517.96,0,0
2,4,4,1,1,4589edf8-c3f0-41e1-9d10-8db81ac749c9,Male,83,$324498.22,$1230.79,0,1
1,3,5,3,4,216927f6-1e8b-4960-98be-22c374d8a071,Male,58,$439875.98,$665.54,1,0
4,4,4,2,4,765ed1be-3a48-42a0-b045-bb0331b6379a,Female,45,$250710.03,$1372.06,0,0
2,5,3,3,3,a16bb86a-152d-48a4-a0ad-a2fd1472872b,Male,35,$398049.33,$8722.99,0,0
1,4,2,2,1,9e0c1689-6657-487c-89d8-a9c41fee153f,Female,87,$29485.79,$3279.47,1,0
1,2,4,2,1,260985b6-7d4e-4a8b-97f8-bcbaac94c9d5,Female,56,$29108.52,$8635.07,0,0
4,2,1,3,1,6acf2b5e-977f-4e5e-a191-5b2e3d15be6b,Female,22,$364675.08,$406.55,1,0
2,5,4,1,2,8509aa03-a7fd-4428-aede-383fb75396c9,Female,49,$441573.05,$1854.31,0,0
3,1,2,3,3,1fee7a3c-de6e-4539-b2f5-73f4a392220e,Female,35,$2785.55,$9701.16,0,1
1,1,1,3,4,7a703686-55d9-4964-a62b-664723815bc3,Male,89,$346558.26,$1191.36,0,0
3,2,4,2,4,146b48ba-acbc-455c-b1b3-53b324d73232,Female,36,$303297.64,$4082.49,1,1
1,3,3,2,1,681da388-fc34-40d0-8824-63351b5fde06,Female,87,$375896.98,$3387.79,1,1
4,4,2,3,1,b104b19f-a883-4aca-abdc-2fbe9c11efe5,Male,31,$96487.64,$8982.19,0,1
2,3,4,2,2,1e42b075-46d7-4ecb-829b-befeb6c2b7e0,Male,65,$50433.27,$6945.25,1,1
4,4,4,1,1,4dfbf291-4f19-4c8a-9438-beab7d6f87e3,Male,67,$102801.30,$1634.67,1,1
2,5,5,2,1,283e87dd-3a01-4b4c-8732-ba8051abd9f7,Female,43,$341309.93,$4343.03,0,0
1,3,3,3,4,b477762d-e174-495c-9ab3-ce39b492cfc5,Male,37,$398961.33,$817.08,1,0
1,1,3,3,1,c9a7d13b-5121-45c3-876e-59a2b2b4a7ed,Female,66,$289480.06,$5826.41,0,1
2,3,3,2,2,1b4e8830-db47-428f-9a06-46e753529755,Female,89,$479833.91,$5548.80,1,1
2,1,1,2,1,d87dad0e-8888-443a-9c22-fb6ca9833d18,Male,67,$424580.89,$5007.31,0,0
1,5,3,3,2,55fb14d1-01b5-4dd4-b930-485b295c95ef,Female,87,$435082.08,$6881.56,1,0
4,1,1,2,2,0524577d-4071-4690-b128-4ba75dff45e6,Male,39,$104420.22,$3935.93,0,1
4,3,3,1,4,47893f3d-35df-4aee-98d6-ac0f9be6bdaf,Female,43,$416971.73,$7094.40,0,0
2,4,1,3,3,4109402b-4648-4a72-b3b2-adc41c8dcc1a,Male,67,$447906.17,$7142.39,0,1
4,2,3,2,3,30e53a22-5e00-4f32-a6d8-7388b2d23f30,Male,42,$92722.80,$420.05,0,0
3,2,4,1,3,0b07ab1d-7ba9-4846-9af1-8935c55518d4,Female,41,$48216.98,$3075.22,0,1
2,3,3,2,4,bd0f5cea-c645-42ba-bcb8-e0f566156a79,Female,79,$7227.91,$6288.93,0,1
2,5,1,2,3,c5c9b9c1-a80c-4a28-9d65-42837ce385a3,Female,47,$2971.77,$6307.79,0,0
2,5,5,1,3,754ba1be-7d5e-4bcc-b555-45b9aee820f4,Male,72,$149107.89,$3445.37,1,1
1,2,5,3,1,6c4709f5-0bb4-42d6-87cf-d13cac8735a5,Male,66,$161456.10,$7269.96,1,1
2,3,4,3,4,163952d8-7c13-4a86-ad28-d4de0c47af19,Female,58,$409248.14,$5389.04,0,1
3,5,3,3,4,26d05bfe-0544-4617-9bcf-cfe7c9d215ad,Male,42,$350812.08,$8833.28,1,0
2,3,4,3,1,a842674d-18ab-4c4b-ab1e-3ac89818ae0f,Male,26,$324230.06,$2001.32,0,0
1,2,1,1,3,ab0e6912-506f-4371-b904-d7e401a1d953,Male,61,$99356.78,$1190.57,1,1
1,4,3,2,4,63af1c95-e57d-4d61-b743-333613ca4672,Male,59,$362609.02,$6384.96,0,0
4,4,1,3,2,a9b63ae6-f1ae-4001-8ee1-d1d16e897e97,Male,25,$101489.87,$5281.17,0,1
1,4,3,1,3,ba059f37-44ef-4129-bb6a-bfba2725fd08,Female,88,$68141.68,$2232.64,0,0
3,1,5,2,4,55840c16-1716-4aef-b885-52c5946407c4,Female,52,$493973.08,$347.87,0,1
3,1,4,3,3,81824885-e9dc-46e1-806b-63565b7e8c7e,Female,21,$373701.86,$3280.31,0,1
3,5,5,3,3,27064ba4-34cd-4732-8d87-8d64952b2ecd,Female,30,$418856.92,$7488.32,1,0
2,1,4,1,1,d1540b86-8dcd-4eee-873f-7b27af178dd9,Female,31,$491094.68,$145.00,0,1
4,4,1,2,2,71ce927a-254c-4e32-ab43-daf569ff4426,Male,82,$203087.11,$4601.43,0,0
1,3,1,3,1,86e2f52e-1c1d-4c47-9117-4f63ec41b1d8,Male,51,$79070.41,$3605.75,1,0
1,1,4,1,4,5eab4201-5693-4a24-b0c1-9bf9148d7fe7,Male,69,$174754.97,$138.74,0,1
1,1,5,2,4,4d39f417-c357-4b9f-88ca-d185a3adccf5,Female,20,$288383.75,$5016.11,1,1
4,5,3,3,1,48a0364f-c833-4dd7-8b56-cf2a6adb188b,Male,31,$252450.77,$8813.35,0,0
4,2,2,3,2,1ed01cec-3ffc-499d-9725-108c976b5a2f,Male,22,$490340.81,$4361.87,1,0
4,3,5,2,1,86a1d496-f4f3-4bba-90ac-1447ade371a8,Female,45,$498006.74,$5428.33,0,0
3,3,3,2,3,142feeb7-9c90-45fa-ba60-4c9a3fa738dd,Female,90,$438762.54,$1058.46,1,0
2,2,5,1,2,eb897ae0-2d13-4429-a70e-f8fda3fab5e4,Male,35,$44170.76,$6815.32,1,1
3,5,2,1,2,251c5ed2-f12d-480d-bfbc-c7b76fadf45b,Male,54,$284940.02,$2438.52,1,1
1,2,3,2,1,f8be5c5d-bcce-49a9-8505-dd904c820fdd,Female,69,$481036.18,$184.20,0,1
3,5,1,1,2,ebd6892e-b128-404f-8944-2b8e4443a028,Female,68,$221477.93,$1828.48,0,1
2,4,2,3,4,ed537f06-82bb-4d1c-95e9-a9bb68a39929,Female,55,$186558.98,$1833.72,0,1
1,5,1,1,3,46d28ec4-5539-45a3-b580-a2321e9a99fb,Male,20,$428142.08,$3319.70,0,0
